Count,ServerTime,WorkerName,WorkerTime,ProcedureId,ActiveProcessingCount,Host_CPU,Host_Memory_Total,Host_Memory_Used,Host_Memory_UsedPercentage,Worker_CPU,Worker_Memory_Total,Worker_Memory_Used,Worker_Memory_UsedPercentage,ProcessingId_1,Processing_CPU_1,Processing_Memory_Total_1,Processing_Memory_Used_1,Processing_Memory_UsedPercentage_1,ProcessingId_2,Processing_CPU_2,Processing_Memory_Total_2,Processing_Memory_Used_2,Processing_Memory_UsedPercentage_2,ProcessingId_3,Processing_CPU_3,Processing_Memory_Total_3,Processing_Memory_Used_3,Processing_Memory_UsedPercentage_3
0,2025-03-14T05:19:53.953Z,rnp2,2025-03-14T05:20:20.653Z,2025-03-14-02-19-50@1,0,1.65,6209687552,782217216,12.6,1.85,6209687552,68325376,1.1,,,,,,,,,,,,,,,
1,2025-03-14T05:19:54.954Z,rnp2,2025-03-14T05:20:21.659Z,2025-03-14-02-19-50@1,0,2.03,6209687552,782217216,12.6,20.41,6209687552,69275648,1.12,,,,,,,,,,,,,,,
2,2025-03-14T05:19:55.953Z,rnp2,2025-03-14T05:20:22.660Z,2025-03-14-02-19-50@1,0,11.17,6209687552,782217216,12.6,61.87,6209687552,115236864,1.86,,,,,,,,,,,,,,,
3,2025-03-14T05:19:56.958Z,rnp2,2025-03-14T05:20:23.665Z,2025-03-14-02-19-50@1,0,30.5,6209687552,806682624,12.99,55.31,6209687552,68005888,1.1,,,,,,,,,,,,,,,
4,2025-03-14T05:19:57.966Z,rnp2,2025-03-14T05:20:24.668Z,2025-03-14-02-19-50@1,0,31.63,6209687552,787505152,12.68,75.61,6209687552,121446400,1.96,,,,,,,,,,,,,,,
5,2025-03-14T05:19:58.971Z,rnp2,2025-03-14T05:20:25.676Z,2025-03-14-02-19-50@1,0,38.1,6209687552,816906240,13.16,53.55,6209687552,69943296,1.13,,,,,,,,,,,,,,,
6,2025-03-14T05:19:59.975Z,rnp2,2025-03-14T05:20:26.681Z,2025-03-14-02-19-50@1,0,33.5,6209687552,790568960,12.73,19.12,6209687552,71548928,1.15,,,,,,,,,,,,,,,
7,2025-03-14T05:20:00.979Z,rnp2,2025-03-14T05:20:27.686Z,2025-03-14-02-19-50@1,0,11.83,6209687552,790380544,12.73,2.55,6209687552,71544832,1.15,,,,,,,,,,,,,,,
8,2025-03-14T05:20:01.990Z,rnp2,2025-03-14T05:20:28.696Z,2025-03-14-02-19-50@1,0,14.02,6209687552,790310912,12.73,1.63,6209687552,71548928,1.15,,,,,,,,,,,,,,,
9,2025-03-14T05:20:02.995Z,rnp2,2025-03-14T05:20:29.699Z,2025-03-14-02-19-50@1,0,33.83,6209687552,790507520,12.73,1.96,6209687552,71581696,1.15,,,,,,,,,,,,,,,
10,2025-03-14T05:20:04.013Z,rnp2,2025-03-14T05:20:30.714Z,2025-03-14-02-19-50@1,1,66.05,6209687552,820916224,13.22,1.76,6209687552,71540736,1.15,2180c98d-19b2-420a-9fe5-fed95944e550,97.31,6209687552,83718144,1.35,,,,,,,,,,
11,2025-03-14T05:20:05.026Z,rnp2,2025-03-14T05:20:31.723Z,2025-03-14-02-19-50@1,1,53.03,6209687552,854310912,13.76,1.96,6209687552,71458816,1.15,2180c98d-19b2-420a-9fe5-fed95944e550,100.48,6209687552,117784576,1.9,,,,,,,,,,
12,2025-03-14T05:20:06.027Z,rnp2,2025-03-14T05:20:32.730Z,2025-03-14-02-19-50@1,1,52.26,6209687552,894054400,14.4,1.98,6209687552,71462912,1.15,2180c98d-19b2-420a-9fe5-fed95944e550,99.67,6209687552,134303744,2.16,,,,,,,,,,
13,2025-03-14T05:20:07.037Z,rnp2,2025-03-14T05:20:33.741Z,2025-03-14-02-19-50@1,1,53.3,6209687552,900030464,14.49,1.37,6209687552,71467008,1.15,2180c98d-19b2-420a-9fe5-fed95944e550,81.98,6209687552,150421504,2.42,,,,,,,,,,
14,2025-03-14T05:20:08.045Z,rnp2,2025-03-14T05:20:34.749Z,2025-03-14-02-19-50@1,1,49.18,6209687552,912310272,14.69,1.79,6209687552,71467008,1.15,2180c98d-19b2-420a-9fe5-fed95944e550,95.63,6209687552,202465280,3.26,,,,,,,,,,
15,2025-03-14T05:20:09.052Z,rnp2,2025-03-14T05:20:35.757Z,2025-03-14-02-19-50@1,1,57.61,6209687552,963952640,15.52,1.56,6209687552,71471104,1.15,2180c98d-19b2-420a-9fe5-fed95944e550,80.44,6209687552,239366144,3.85,,,,,,,,,,
16,2025-03-14T05:20:10.063Z,rnp2,2025-03-14T05:20:36.766Z,2025-03-14-02-19-50@1,1,48.02,6209687552,995299328,16.03,1.59,6209687552,71471104,1.15,2180c98d-19b2-420a-9fe5-fed95944e550,70.4,6209687552,264560640,4.26,,,,,,,,,,
17,2025-03-14T05:20:11.076Z,rnp2,2025-03-14T05:20:37.776Z,2025-03-14-02-19-50@1,1,45.03,6209687552,1017896960,16.39,1.74,6209687552,71479296,1.15,2180c98d-19b2-420a-9fe5-fed95944e550,89.58,6209687552,291180544,4.69,,,,,,,,,,
18,2025-03-14T05:20:12.077Z,rnp2,2025-03-14T05:20:38.784Z,2025-03-14-02-19-50@1,1,48.37,6209687552,1043603456,16.81,1.78,6209687552,71618560,1.15,2180c98d-19b2-420a-9fe5-fed95944e550,94.47,6209687552,320712704,5.16,,,,,,,,,,
19,2025-03-14T05:20:13.089Z,rnp2,2025-03-14T05:20:39.795Z,2025-03-14-02-19-50@1,1,51.04,6209687552,1068744704,17.21,17.4,6209687552,71684096,1.15,2180c98d-19b2-420a-9fe5-fed95944e550,90.21,6209687552,342990848,5.52,,,,,,,,,,
20,2025-03-14T05:20:14.099Z,rnp2,2025-03-14T05:20:40.805Z,2025-03-14-02-19-50@1,1,58.16,6209687552,1089081344,17.54,57.66,6209687552,111325184,1.79,2180c98d-19b2-420a-9fe5-fed95944e550,91.78,6209687552,345092096,5.56,,,,,,,,,,
21,2025-03-14T05:20:15.113Z,rnp2,2025-03-14T05:20:41.818Z,2025-03-14-02-19-50@1,1,69.7,6209687552,1110978560,17.89,64.31,6209687552,69582848,1.12,2180c98d-19b2-420a-9fe5-fed95944e550,93.77,6209687552,351084544,5.65,,,,,,,,,,
22,2025-03-14T05:20:16.123Z,rnp2,2025-03-14T05:20:42.829Z,2025-03-14-02-19-50@1,1,88.89,6209687552,1114275840,17.94,88.6,6209687552,121671680,1.96,2180c98d-19b2-420a-9fe5-fed95944e550,88.39,6209687552,369733632,5.95,,,,,,,,,,
23,2025-03-14T05:20:17.137Z,rnp2,2025-03-14T05:20:43.841Z,2025-03-14-02-19-50@1,1,84.5,6209687552,1148854272,18.5,55.18,6209687552,71131136,1.15,2180c98d-19b2-420a-9fe5-fed95944e550,116.76,6209687552,371154944,5.98,,,,,,,,,,
24,2025-03-14T05:20:18.144Z,rnp2,2025-03-14T05:20:44.849Z,2025-03-14-02-19-50@1,1,91.92,6209687552,1121718272,18.06,2.14,6209687552,71004160,1.14,2180c98d-19b2-420a-9fe5-fed95944e550,162.94,6209687552,371290112,5.98,,,,,,,,,,
25,2025-03-14T05:20:19.156Z,rnp2,2025-03-14T05:20:45.860Z,2025-03-14-02-19-50@1,1,84.18,6209687552,1121718272,18.06,3.07,6209687552,71020544,1.14,2180c98d-19b2-420a-9fe5-fed95944e550,143.14,6209687552,371654656,5.99,,,,,,,,,,
26,2025-03-14T05:20:20.162Z,rnp2,2025-03-14T05:20:46.867Z,2025-03-14-02-19-50@1,1,76.32,6209687552,1121718272,18.06,2.15,6209687552,71016448,1.14,2180c98d-19b2-420a-9fe5-fed95944e550,150.05,6209687552,371699712,5.99,,,,,,,,,,
27,2025-03-14T05:20:21.175Z,rnp2,2025-03-14T05:20:47.877Z,2025-03-14-02-19-50@1,1,77.39,6209687552,1121976320,18.07,2.16,6209687552,71020544,1.14,2180c98d-19b2-420a-9fe5-fed95944e550,148.42,6209687552,372256768,5.99,,,,,,,,,,
28,2025-03-14T05:20:22.184Z,rnp2,2025-03-14T05:20:48.889Z,2025-03-14-02-19-50@1,1,77.04,6209687552,1121972224,18.07,22.55,6209687552,70582272,1.14,2180c98d-19b2-420a-9fe5-fed95944e550,134.73,6209687552,372334592,6,,,,,,,,,,
29,2025-03-14T05:20:23.195Z,rnp2,2025-03-14T05:20:49.901Z,2025-03-14-02-19-50@1,1,76.26,6209687552,1122746368,18.08,10.52,6209687552,71335936,1.15,2180c98d-19b2-420a-9fe5-fed95944e550,148.9,6209687552,372359168,6,,,,,,,,,,
30,2025-03-14T05:20:24.208Z,rnp2,2025-03-14T05:20:50.911Z,2025-03-14-02-19-50@1,1,86.29,6209687552,1123536896,18.09,101.1,6209687552,111988736,1.8,2180c98d-19b2-420a-9fe5-fed95944e550,95.1,6209687552,372371456,6,,,,,,,,,,
31,2025-03-14T05:20:25.217Z,rnp2,2025-03-14T05:20:51.924Z,2025-03-14-02-19-50@1,1,95,6209687552,1170198528,18.84,52.58,6209687552,77754368,1.25,2180c98d-19b2-420a-9fe5-fed95944e550,124.52,6209687552,372408320,6,,,,,,,,,,
32,2025-03-14T05:20:26.224Z,rnp2,2025-03-14T05:20:52.930Z,2025-03-14-02-19-50@1,1,91.37,6209687552,1145659392,18.45,107.3,6209687552,111075328,1.79,2180c98d-19b2-420a-9fe5-fed95944e550,86.36,6209687552,372654080,6,,,,,,,,,,
33,2025-03-14T05:20:27.235Z,rnp2,2025-03-14T05:20:53.940Z,2025-03-14-02-19-50@1,1,97.49,6209687552,1171496960,18.87,21.06,6209687552,71405568,1.15,2180c98d-19b2-420a-9fe5-fed95944e550,136,6209687552,372723712,6,,,,,,,,,,
34,2025-03-14T05:20:28.245Z,rnp2,2025-03-14T05:20:54.949Z,2025-03-14-02-19-50@1,1,85.2,6209687552,1124012032,18.1,2.45,6209687552,71409664,1.15,2180c98d-19b2-420a-9fe5-fed95944e550,153.19,6209687552,372740096,6,,,,,,,,,,
35,2025-03-14T05:20:29.252Z,rnp2,2025-03-14T05:20:55.959Z,2025-03-14-02-19-50@1,1,78.46,6209687552,1124257792,18.1,2.52,6209687552,71413760,1.15,2180c98d-19b2-420a-9fe5-fed95944e550,155.13,6209687552,372760576,6,,,,,,,,,,
36,2025-03-14T05:20:30.266Z,rnp2,2025-03-14T05:20:56.972Z,2025-03-14-02-19-50@1,1,79.69,6209687552,1124257792,18.1,2.44,6209687552,71413760,1.15,2180c98d-19b2-420a-9fe5-fed95944e550,143.93,6209687552,372764672,6,,,,,,,,,,
37,2025-03-14T05:20:31.278Z,rnp2,2025-03-14T05:20:57.983Z,2025-03-14-02-19-50@1,1,75.9,6209687552,1124257792,18.1,2.39,6209687552,71417856,1.15,2180c98d-19b2-420a-9fe5-fed95944e550,158.95,6209687552,372781056,6,,,,,,,,,,
38,2025-03-14T05:20:32.287Z,rnp2,2025-03-14T05:20:58.992Z,2025-03-14-02-19-50@1,1,82.23,6209687552,1124257792,18.1,21.61,6209687552,71278592,1.15,2180c98d-19b2-420a-9fe5-fed95944e550,139.79,6209687552,372805632,6,,,,,,,,,,
39,2025-03-14T05:20:33.294Z,rnp2,2025-03-14T05:21:00.001Z,2025-03-14-02-19-50@1,1,84.85,6209687552,1124515840,18.11,41.87,6209687552,87912448,1.42,2180c98d-19b2-420a-9fe5-fed95944e550,116.76,6209687552,372813824,6,,,,,,,,,,
40,2025-03-14T05:20:34.303Z,rnp2,2025-03-14T05:21:01.009Z,2025-03-14-02-19-50@1,1,75.77,6209687552,1124786176,18.11,104.32,6209687552,71319552,1.15,2180c98d-19b2-420a-9fe5-fed95944e550,87.55,6209687552,372822016,6,,,,,,,,,,
41,2025-03-14T05:20:35.316Z,rnp2,2025-03-14T05:21:02.019Z,2025-03-14-02-19-50@1,1,100,6209687552,1173540864,18.9,55.65,6209687552,79155200,1.27,2180c98d-19b2-420a-9fe5-fed95944e550,121.02,6209687552,372826112,6,,,,,,,,,,
42,2025-03-14T05:20:36.325Z,rnp2,2025-03-14T05:21:03.029Z,2025-03-14-02-19-50@1,1,91.92,6209687552,1137131520,18.31,100.95,6209687552,123723776,1.99,2180c98d-19b2-420a-9fe5-fed95944e550,93.37,6209687552,372838400,6,,,,,,,,,,
43,2025-03-14T05:20:37.330Z,rnp2,2025-03-14T05:21:04.037Z,2025-03-14-02-19-50@1,1,96.46,6209687552,1155133440,18.6,61.63,6209687552,71192576,1.15,2180c98d-19b2-420a-9fe5-fed95944e550,105.62,6209687552,372846592,6,,,,,,,,,,
44,2025-03-14T05:20:38.337Z,rnp2,2025-03-14T05:21:05.043Z,2025-03-14-02-19-50@1,1,97.49,6209687552,1141948416,18.39,2.48,6209687552,71188480,1.15,2180c98d-19b2-420a-9fe5-fed95944e550,157.57,6209687552,372862976,6,,,,,,,,,,
45,2025-03-14T05:20:39.348Z,rnp2,2025-03-14T05:21:06.053Z,2025-03-14-02-19-50@1,1,84.34,6209687552,1142177792,18.39,2.4,6209687552,71188480,1.15,2180c98d-19b2-420a-9fe5-fed95944e550,161.92,6209687552,372883456,6,,,,,,,,,,
46,2025-03-14T05:20:40.356Z,rnp2,2025-03-14T05:21:07.063Z,2025-03-14-02-19-50@1,1,83.25,6209687552,1142423552,18.4,2.43,6209687552,71188480,1.15,2180c98d-19b2-420a-9fe5-fed95944e550,157.64,6209687552,372908032,6.01,,,,,,,,,,
47,2025-03-14T05:20:41.363Z,rnp2,2025-03-14T05:21:08.070Z,2025-03-14-02-19-50@1,1,82.56,6209687552,1142419456,18.4,2.27,6209687552,71196672,1.15,2180c98d-19b2-420a-9fe5-fed95944e550,137.71,6209687552,373039104,6.01,,,,,,,,,,
48,2025-03-14T05:20:42.376Z,rnp2,2025-03-14T05:21:09.080Z,2025-03-14-02-19-50@1,1,76.38,6209687552,1142419456,18.4,17.75,6209687552,71897088,1.16,2180c98d-19b2-420a-9fe5-fed95944e550,130.15,6209687552,373051392,6.01,,,,,,,,,,
49,2025-03-14T05:20:43.381Z,rnp2,2025-03-14T05:21:10.088Z,2025-03-14-02-19-50@1,1,72.08,6209687552,1142419456,18.4,9.83,6209687552,70619136,1.14,2180c98d-19b2-420a-9fe5-fed95944e550,154.47,6209687552,373092352,6.01,,,,,,,,,,
50,2025-03-14T05:20:44.392Z,rnp2,2025-03-14T05:21:11.096Z,2025-03-14-02-19-50@1,1,83.33,6209687552,1142419456,18.4,101.03,6209687552,125775872,2.03,2180c98d-19b2-420a-9fe5-fed95944e550,91.99,6209687552,373096448,6.01,,,,,,,,,,
51,2025-03-14T05:20:45.403Z,rnp2,2025-03-14T05:21:12.107Z,2025-03-14-02-19-50@1,1,91.5,6209687552,1164627968,18.76,47.84,6209687552,83169280,1.34,2180c98d-19b2-420a-9fe5-fed95944e550,121.52,6209687552,373104640,6.01,,,,,,,,,,
52,2025-03-14T05:20:46.413Z,rnp2,2025-03-14T05:21:13.115Z,2025-03-14-02-19-50@1,1,94.95,6209687552,1155522560,18.61,109.82,6209687552,70156288,1.13,2180c98d-19b2-420a-9fe5-fed95944e550,84.54,6209687552,373112832,6.01,,,,,,,,,,
53,2025-03-14T05:20:47.427Z,rnp2,2025-03-14T05:21:14.126Z,2025-03-14-02-19-50@1,1,94.03,6209687552,1175048192,18.92,11.62,6209687552,71073792,1.14,2180c98d-19b2-420a-9fe5-fed95944e550,155.08,6209687552,373112832,6.01,,,,,,,,,,
54,2025-03-14T05:20:48.431Z,rnp2,2025-03-14T05:21:15.135Z,2025-03-14-02-19-50@1,1,91.41,6209687552,1132208128,18.23,2.4,6209687552,71073792,1.14,2180c98d-19b2-420a-9fe5-fed95944e550,158.15,6209687552,373125120,6.01,,,,,,,,,,
55,2025-03-14T05:20:49.441Z,rnp2,2025-03-14T05:21:16.143Z,2025-03-14-02-19-50@1,1,81.63,6209687552,1132466176,18.24,2.32,6209687552,71077888,1.14,2180c98d-19b2-420a-9fe5-fed95944e550,138.57,6209687552,438775808,7.07,,,,,,,,,,
56,2025-03-14T05:20:50.447Z,rnp2,2025-03-14T05:21:17.152Z,2025-03-14-02-19-50@1,1,80.41,6209687552,1132597248,18.24,2.2,6209687552,71016448,1.14,2180c98d-19b2-420a-9fe5-fed95944e550,108.61,6209687552,443912192,7.15,,,,,,,,,,
57,2025-03-14T05:20:51.456Z,rnp2,2025-03-14T05:21:18.162Z,2025-03-14-02-19-50@1,1,62.81,6209687552,1209810944,19.48,2.37,6209687552,71016448,1.14,2180c98d-19b2-420a-9fe5-fed95944e550,100.24,6209687552,459046912,7.39,,,,,,,,,,
58,2025-03-14T05:20:52.466Z,rnp2,2025-03-14T05:21:19.168Z,2025-03-14-02-19-50@1,1,58,6209687552,1208152064,19.46,19.68,6209687552,70746112,1.14,2180c98d-19b2-420a-9fe5-fed95944e550,99.36,6209687552,464506880,7.48,,,,,,,,,,
59,2025-03-14T05:20:53.471Z,rnp2,2025-03-14T05:21:20.176Z,2025-03-14-02-19-50@1,1,55.56,6209687552,1226039296,19.74,48.26,6209687552,95563776,1.54,2180c98d-19b2-420a-9fe5-fed95944e550,90.68,6209687552,468193280,7.54,,,,,,,,,,
60,2025-03-14T05:20:54.476Z,rnp2,2025-03-14T05:21:21.184Z,2025-03-14-02-19-50@1,1,55.56,6209687552,1227296768,19.76,77.32,6209687552,70385664,1.13,2180c98d-19b2-420a-9fe5-fed95944e550,91.93,6209687552,470441984,7.58,,,,,,,,,,
61,2025-03-14T05:20:55.483Z,rnp2,2025-03-14T05:21:22.190Z,2025-03-14-02-19-50@1,1,95.5,6209687552,1274179584,20.52,76.76,6209687552,110505984,1.78,2180c98d-19b2-420a-9fe5-fed95944e550,87.33,6209687552,470384640,7.58,,,,,,,,,,
62,2025-03-14T05:20:56.505Z,rnp2,2025-03-14T05:21:23.201Z,2025-03-14-02-19-50@1,1,75,6209687552,1248350208,20.1,75.25,6209687552,70369280,1.13,2180c98d-19b2-420a-9fe5-fed95944e550,105.23,6209687552,475398144,7.66,,,,,,,,,,
63,2025-03-14T05:20:57.509Z,rnp2,2025-03-14T05:21:24.209Z,2025-03-14-02-19-50@1,1,100,6209687552,1257902080,20.26,3.08,6209687552,70619136,1.14,2180c98d-19b2-420a-9fe5-fed95944e550,139.69,6209687552,482566144,7.77,,,,,,,,,,
64,2025-03-14T05:20:58.520Z,rnp2,2025-03-14T05:21:25.214Z,2025-03-14-02-19-50@1,1,80.3,6209687552,1257693184,20.25,1.56,6209687552,70623232,1.14,2180c98d-19b2-420a-9fe5-fed95944e550,135.46,6209687552,482959360,7.78,,,,,,,,,,
65,2025-03-14T05:20:59.516Z,rnp2,2025-03-14T05:21:26.220Z,2025-03-14-02-19-50@1,1,75.25,6209687552,1256632320,20.24,1.53,6209687552,70627328,1.14,2180c98d-19b2-420a-9fe5-fed95944e550,129.38,6209687552,488681472,7.87,,,,,,,,,,
66,2025-03-14T05:21:00.531Z,rnp2,2025-03-14T05:21:27.236Z,2025-03-14-02-19-50@1,1,63.5,6209687552,1256775680,20.24,1.69,6209687552,70635520,1.14,2180c98d-19b2-420a-9fe5-fed95944e550,129.72,6209687552,493154304,7.94,,,,,,,,,,
67,2025-03-14T05:21:01.536Z,rnp2,2025-03-14T05:21:28.237Z,2025-03-14-02-19-50@1,1,71.65,6209687552,1256738816,20.24,1.81,6209687552,70643712,1.14,2180c98d-19b2-420a-9fe5-fed95944e550,108.68,6209687552,494637056,7.97,,,,,,,,,,
68,2025-03-14T05:21:02.537Z,rnp2,2025-03-14T05:21:29.243Z,2025-03-14-02-19-50@1,1,66.5,6209687552,1260568576,20.3,21.53,6209687552,71839744,1.16,2180c98d-19b2-420a-9fe5-fed95944e550,97.96,6209687552,500330496,8.06,,,,,,,,,,
69,2025-03-14T05:21:03.548Z,rnp2,2025-03-14T05:21:30.252Z,2025-03-14-02-19-50@1,1,64.47,6209687552,1264189440,20.36,86.93,6209687552,122703872,1.98,2180c98d-19b2-420a-9fe5-fed95944e550,89.95,6209687552,511561728,8.24,,,,,,,,,,
70,2025-03-14T05:21:04.564Z,rnp2,2025-03-14T05:21:31.262Z,2025-03-14-02-19-50@1,1,66,6209687552,1273700352,20.51,51.4,6209687552,71155712,1.15,2180c98d-19b2-420a-9fe5-fed95944e550,122.78,6209687552,511602688,8.24,,,,,,,,,,
71,2025-03-14T05:21:05.562Z,rnp2,2025-03-14T05:21:32.268Z,2025-03-14-02-19-50@1,1,97.51,6209687552,1267814400,20.42,93.17,6209687552,120430592,1.94,2180c98d-19b2-420a-9fe5-fed95944e550,99.68,6209687552,511692800,8.24,,,,,,,,,,
72,2025-03-14T05:21:06.599Z,rnp2,2025-03-14T05:21:33.305Z,2025-03-14-02-19-50@1,1,90.72,6209687552,1277857792,20.58,60.96,6209687552,70324224,1.13,2180c98d-19b2-420a-9fe5-fed95944e550,119.92,6209687552,511705088,8.24,,,,,,,,,,
73,2025-03-14T05:21:07.606Z,rnp2,2025-03-14T05:21:34.312Z,2025-03-14-02-19-50@1,1,99.5,6209687552,1319624704,21.25,3.92,6209687552,70684672,1.14,2180c98d-19b2-420a-9fe5-fed95944e550,142.53,6209687552,510808064,8.23,,,,,,,,,,
74,2025-03-14T05:21:08.618Z,rnp2,2025-03-14T05:21:35.321Z,2025-03-14-02-19-50@1,1,85.49,6209687552,1285038080,20.69,1.85,6209687552,70692864,1.14,2180c98d-19b2-420a-9fe5-fed95944e550,158.53,6209687552,510836736,8.23,,,,,,,,,,
75,2025-03-14T05:21:09.625Z,rnp2,2025-03-14T05:21:36.332Z,2025-03-14-02-19-50@1,1,78.79,6209687552,1285783552,20.71,2.17,6209687552,70631424,1.14,2180c98d-19b2-420a-9fe5-fed95944e550,166.13,6209687552,510885888,8.23,,,,,,,,,,
76,2025-03-14T05:21:10.633Z,rnp2,2025-03-14T05:21:37.339Z,2025-03-14-02-19-50@1,1,85.15,6209687552,1285836800,20.71,2.18,6209687552,70639616,1.14,2180c98d-19b2-420a-9fe5-fed95944e550,154.12,6209687552,510894080,8.23,,,,,,,,,,
77,2025-03-14T05:21:11.640Z,rnp2,2025-03-14T05:21:38.346Z,2025-03-14-02-19-50@1,1,83.51,6209687552,1285783552,20.71,7.09,6209687552,71290880,1.15,2180c98d-19b2-420a-9fe5-fed95944e550,157.53,6209687552,510898176,8.23,,,,,,,,,,
78,2025-03-14T05:21:12.649Z,rnp2,2025-03-14T05:21:39.355Z,2025-03-14-02-19-50@1,1,79.49,6209687552,1285783552,20.71,12.76,6209687552,71520256,1.15,2180c98d-19b2-420a-9fe5-fed95944e550,155.54,6209687552,510906368,8.23,,,,,,,,,,
79,2025-03-14T05:21:13.661Z,rnp2,2025-03-14T05:21:40.363Z,2025-03-14-02-19-50@1,1,84.85,6209687552,1286553600,20.72,96.53,6209687552,123359232,1.99,2180c98d-19b2-420a-9fe5-fed95944e550,94.18,6209687552,510922752,8.23,,,,,,,,,,
80,2025-03-14T05:21:14.677Z,rnp2,2025-03-14T05:21:41.378Z,2025-03-14-02-19-50@1,1,86.87,6209687552,1289650176,20.77,45.88,6209687552,71913472,1.16,2180c98d-19b2-420a-9fe5-fed95944e550,123.13,6209687552,510935040,8.23,,,,,,,,,,
81,2025-03-14T05:21:15.703Z,rnp2,2025-03-14T05:21:42.406Z,2025-03-14-02-19-50@1,1,99,6209687552,1285640192,20.7,109.77,6209687552,123670528,1.99,2180c98d-19b2-420a-9fe5-fed95944e550,82.63,6209687552,511012864,8.23,,,,,,,,,,
82,2025-03-14T05:21:16.712Z,rnp2,2025-03-14T05:21:43.416Z,2025-03-14-02-19-50@1,1,88.56,6209687552,1291546624,20.8,67.55,6209687552,72056832,1.16,2180c98d-19b2-420a-9fe5-fed95944e550,108.63,6209687552,511016960,8.23,,,,,,,,,,
83,2025-03-14T05:21:17.718Z,rnp2,2025-03-14T05:21:44.423Z,2025-03-14-02-19-50@1,1,99.5,6209687552,1319903232,21.26,2.2,6209687552,72024064,1.16,2180c98d-19b2-420a-9fe5-fed95944e550,157.46,6209687552,511016960,8.23,,,,,,,,,,
84,2025-03-14T05:21:18.725Z,rnp2,2025-03-14T05:21:45.430Z,2025-03-14-02-19-50@1,1,85.5,6209687552,1287380992,20.73,2.36,6209687552,72146944,1.16,2180c98d-19b2-420a-9fe5-fed95944e550,162.07,6209687552,511029248,8.23,,,,,,,,,,
85,2025-03-14T05:21:19.736Z,rnp2,2025-03-14T05:21:46.439Z,2025-03-14-02-19-50@1,1,82.99,6209687552,1287380992,20.73,2.43,6209687552,72024064,1.16,2180c98d-19b2-420a-9fe5-fed95944e550,149.83,6209687552,511434752,8.24,,,,,,,,,,
86,2025-03-14T05:21:20.740Z,rnp2,2025-03-14T05:21:47.446Z,2025-03-14-02-19-50@1,1,83.58,6209687552,1287380992,20.73,2.32,6209687552,72028160,1.16,2180c98d-19b2-420a-9fe5-fed95944e550,152.64,6209687552,511442944,8.24,,,,,,,,,,
87,2025-03-14T05:21:21.749Z,rnp2,2025-03-14T05:21:48.454Z,2025-03-14-02-19-50@1,1,80,6209687552,1287376896,20.73,17.49,6209687552,72146944,1.16,2180c98d-19b2-420a-9fe5-fed95944e550,151.67,6209687552,511447040,8.24,,,,,,,,,,
88,2025-03-14T05:21:22.770Z,rnp2,2025-03-14T05:21:49.475Z,2025-03-14-02-19-50@1,1,81.73,6209687552,1287376896,20.73,16.96,6209687552,76107776,1.23,2180c98d-19b2-420a-9fe5-fed95944e550,151.89,6209687552,511299584,8.23,,,,,,,,,,
89,2025-03-14T05:21:23.784Z,rnp2,2025-03-14T05:21:50.487Z,2025-03-14-02-19-50@1,1,85.93,6209687552,1287409664,20.73,109.37,6209687552,111087616,1.79,2180c98d-19b2-420a-9fe5-fed95944e550,84.28,6209687552,511303680,8.23,,,,,,,,,,
90,2025-03-14T05:21:24.800Z,rnp2,2025-03-14T05:21:51.506Z,2025-03-14-02-19-50@1,1,89.34,6209687552,1292288000,20.81,52.74,6209687552,72499200,1.17,2180c98d-19b2-420a-9fe5-fed95944e550,116.66,6209687552,511381504,8.24,,,,,,,,,,
91,2025-03-14T05:21:25.824Z,rnp2,2025-03-14T05:21:52.515Z,2025-03-14-02-19-50@1,1,98.99,6209687552,1322659840,21.3,109.5,6209687552,125071360,2.01,2180c98d-19b2-420a-9fe5-fed95944e550,83.93,6209687552,511385600,8.24,,,,,,,,,,
92,2025-03-14T05:21:26.822Z,rnp2,2025-03-14T05:21:53.524Z,2025-03-14-02-19-50@1,1,87.88,6209687552,1275080704,20.53,35.98,6209687552,70393856,1.13,2180c98d-19b2-420a-9fe5-fed95944e550,135.3,6209687552,511397888,8.24,,,,,,,,,,
93,2025-03-14T05:21:27.836Z,rnp2,2025-03-14T05:21:54.539Z,2025-03-14-02-19-50@1,1,99.5,6209687552,1324888064,21.34,2.44,6209687552,70393856,1.13,2180c98d-19b2-420a-9fe5-fed95944e550,157.86,6209687552,511401984,8.24,,,,,,,,,,
94,2025-03-14T05:21:28.841Z,rnp2,2025-03-14T05:21:55.548Z,2025-03-14-02-19-50@1,1,86.21,6209687552,1295458304,20.86,2.53,6209687552,70393856,1.13,2180c98d-19b2-420a-9fe5-fed95944e550,160.38,6209687552,511406080,8.24,,,,,,,,,,
95,2025-03-14T05:21:29.856Z,rnp2,2025-03-14T05:21:56.557Z,2025-03-14-02-19-50@1,1,83.33,6209687552,1295458304,20.86,2.47,6209687552,70397952,1.13,2180c98d-19b2-420a-9fe5-fed95944e550,161.97,6209687552,511459328,8.24,,,,,,,,,,
96,2025-03-14T05:21:30.863Z,rnp2,2025-03-14T05:21:57.569Z,2025-03-14-02-19-50@1,1,83.92,6209687552,1295704064,20.87,2.42,6209687552,70397952,1.13,2180c98d-19b2-420a-9fe5-fed95944e550,160.74,6209687552,511459328,8.24,,,,,,,,,,
97,2025-03-14T05:21:31.875Z,rnp2,2025-03-14T05:21:58.577Z,2025-03-14-02-19-50@1,1,84.5,6209687552,1295699968,20.87,23.05,6209687552,71135232,1.15,2180c98d-19b2-420a-9fe5-fed95944e550,143.23,6209687552,511459328,8.24,,,,,,,,,,
98,2025-03-14T05:21:32.885Z,rnp2,2025-03-14T05:21:59.590Z,2025-03-14-02-19-50@1,1,82.72,6209687552,1295699968,20.87,27.39,6209687552,81510400,1.31,2180c98d-19b2-420a-9fe5-fed95944e550,132.55,6209687552,511463424,8.24,,,,,,,,,,
99,2025-03-14T05:21:33.896Z,rnp2,2025-03-14T05:22:00.598Z,2025-03-14-02-19-50@1,1,84.26,6209687552,1295699968,20.87,100.9,6209687552,126406656,2.04,2180c98d-19b2-420a-9fe5-fed95944e550,86.15,6209687552,511545344,8.24,,,,,,,,,,
100,2025-03-14T05:21:34.912Z,rnp2,2025-03-14T05:22:01.617Z,2025-03-14-02-19-50@1,1,85.28,6209687552,1296445440,20.88,44.12,6209687552,71991296,1.16,2180c98d-19b2-420a-9fe5-fed95944e550,131.9,6209687552,511594496,8.24,,,,,,,,,,
101,2025-03-14T05:21:35.923Z,rnp2,2025-03-14T05:22:02.628Z,2025-03-14-02-19-50@1,1,99.5,6209687552,1324056576,21.32,110.43,6209687552,123637760,1.99,2180c98d-19b2-420a-9fe5-fed95944e550,84.84,6209687552,511594496,8.24,,,,,,,,,,
102,2025-03-14T05:21:36.940Z,rnp2,2025-03-14T05:22:03.641Z,2025-03-14-02-19-50@1,1,90.91,6209687552,1272877056,20.5,56.39,6209687552,70422528,1.13,2180c98d-19b2-420a-9fe5-fed95944e550,105.64,6209687552,515043328,8.29,,,,,,,,,,
103,2025-03-14T05:21:37.947Z,rnp2,2025-03-14T05:22:04.650Z,2025-03-14-02-19-50@1,1,99.5,6209687552,1322352640,21.29,2.19,6209687552,70422528,1.13,2180c98d-19b2-420a-9fe5-fed95944e550,94.71,6209687552,533172224,8.59,,,,,,,,,,
104,2025-03-14T05:21:38.957Z,rnp2,2025-03-14T05:22:05.660Z,2025-03-14-02-19-50@1,1,82.74,6209687552,1285447680,20.7,2.48,6209687552,70553600,1.14,2180c98d-19b2-420a-9fe5-fed95944e550,99.76,6209687552,533770240,8.6,,,,,,,,,,
105,2025-03-14T05:21:39.988Z,rnp2,2025-03-14T05:22:06.693Z,2025-03-14-02-19-50@1,1,56.57,6209687552,1306640384,21.04,2.49,6209687552,70426624,1.13,2180c98d-19b2-420a-9fe5-fed95944e550,105.92,6209687552,536162304,8.63,,,,,,,,,,
106,2025-03-14T05:21:40.994Z,rnp2,2025-03-14T05:22:07.699Z,2025-03-14-02-19-50@1,1,53.03,6209687552,1306640384,21.04,2.31,6209687552,70426624,1.13,2180c98d-19b2-420a-9fe5-fed95944e550,100.98,6209687552,537960448,8.66,,,,,,,,,,
107,2025-03-14T05:21:42.010Z,rnp2,2025-03-14T05:22:08.716Z,2025-03-14-02-19-50@1,1,55.56,6209687552,1306636288,21.04,17.29,6209687552,71106560,1.15,2180c98d-19b2-420a-9fe5-fed95944e550,129.44,6209687552,539795456,8.69,,,,,,,,,,
108,2025-03-14T05:21:42.019Z,rnp2,2025-03-14T05:22:08.721Z,2025-03-14-02-19-50@1,1,53.3,6209687552,1308184576,21.07,17.29,6209687552,71106560,1.15,2180c98d-19b2-420a-9fe5-fed95944e550,129.44,6209687552,539795456,8.69,,,,,,,,,,
109,2025-03-14T05:21:43.017Z,rnp2,2025-03-14T05:22:09.723Z,2025-03-14-02-19-50@1,1,75.38,6209687552,1313460224,21.15,10.29,6209687552,71405568,1.15,2180c98d-19b2-420a-9fe5-fed95944e550,116.33,6209687552,539713536,8.69,,,,,,,,,,
110,2025-03-14T05:21:44.028Z,rnp2,2025-03-14T05:22:10.734Z,2025-03-14-02-19-50@1,1,65,6209687552,1313579008,21.15,103.28,6209687552,124370944,2,2180c98d-19b2-420a-9fe5-fed95944e550,91.22,6209687552,539754496,8.69,,,,,,,,,,
111,2025-03-14T05:21:45.045Z,rnp2,2025-03-14T05:22:11.750Z,2025-03-14-02-19-50@1,1,100,6209687552,1356312576,21.84,46.77,6209687552,70582272,1.14,2180c98d-19b2-420a-9fe5-fed95944e550,118.41,6209687552,542273536,8.73,,,,,,,,,,
112,2025-03-14T05:21:46.052Z,rnp2,2025-03-14T05:22:12.758Z,2025-03-14-02-19-50@1,1,87.37,6209687552,1325281280,21.34,107.41,6209687552,116346880,1.87,2180c98d-19b2-420a-9fe5-fed95944e550,84.37,6209687552,543404032,8.75,,,,,,,,,,
113,2025-03-14T05:21:47.062Z,rnp2,2025-03-14T05:22:13.766Z,2025-03-14-02-19-50@1,1,97.47,6209687552,1358733312,21.88,16.48,6209687552,71249920,1.15,2180c98d-19b2-420a-9fe5-fed95944e550,126.54,6209687552,546672640,8.8,,,,,,,,,,
114,2025-03-14T05:21:48.076Z,rnp2,2025-03-14T05:22:14.781Z,2025-03-14-02-19-50@1,1,77.78,6209687552,1307525120,21.06,2.03,6209687552,71258112,1.15,2180c98d-19b2-420a-9fe5-fed95944e550,129.98,6209687552,550203392,8.86,,,,,,,,,,
115,2025-03-14T05:21:49.087Z,rnp2,2025-03-14T05:22:15.792Z,2025-03-14-02-19-50@1,1,68.84,6209687552,1309827072,21.09,1.89,6209687552,71254016,1.15,2180c98d-19b2-420a-9fe5-fed95944e550,100.39,6209687552,551337984,8.88,,,,,,,,,,
116,2025-03-14T05:21:50.095Z,rnp2,2025-03-14T05:22:16.800Z,2025-03-14-02-19-50@1,1,53.5,6209687552,1310834688,21.11,2.16,6209687552,71450624,1.15,2180c98d-19b2-420a-9fe5-fed95944e550,106.64,6209687552,552185856,8.89,,,,,,,,,,
117,2025-03-14T05:21:51.103Z,rnp2,2025-03-14T05:22:17.808Z,2025-03-14-02-19-50@1,1,54.27,6209687552,1312124928,21.13,1.92,6209687552,71450624,1.15,2180c98d-19b2-420a-9fe5-fed95944e550,161.59,6209687552,552542208,8.9,,,,,,,,,,
118,2025-03-14T05:21:52.115Z,rnp2,2025-03-14T05:22:18.818Z,2025-03-14-02-19-50@1,1,81.82,6209687552,1312378880,21.13,16.69,6209687552,72171520,1.16,2180c98d-19b2-420a-9fe5-fed95944e550,142.69,6209687552,552550400,8.9,,,,,,,,,,
119,2025-03-14T05:21:53.127Z,rnp2,2025-03-14T05:22:19.833Z,2025-03-14-02-19-50@1,1,82.14,6209687552,1313685504,21.16,51.13,6209687552,91455488,1.47,2180c98d-19b2-420a-9fe5-fed95944e550,114.27,6209687552,552583168,8.9,,,,,,,,,,
120,2025-03-14T05:21:54.134Z,rnp2,2025-03-14T05:22:20.841Z,2025-03-14-02-19-50@1,1,82.5,6209687552,1328123904,21.39,104.97,6209687552,113254400,1.82,2180c98d-19b2-420a-9fe5-fed95944e550,91.1,6209687552,552591360,8.9,,,,,,,,,,
121,2025-03-14T05:21:55.148Z,rnp2,2025-03-14T05:22:21.854Z,2025-03-14-02-19-50@1,1,100,6209687552,1368576000,22.04,54.73,6209687552,95989760,1.55,2180c98d-19b2-420a-9fe5-fed95944e550,119.53,6209687552,552603648,8.9,,,,,,,,,,
122,2025-03-14T05:21:56.157Z,rnp2,2025-03-14T05:22:22.862Z,2025-03-14-02-19-50@1,1,89.18,6209687552,1338634240,21.56,86.79,6209687552,72257536,1.16,2180c98d-19b2-420a-9fe5-fed95944e550,99.37,6209687552,552607744,8.9,,,,,,,,,,
123,2025-03-14T05:21:57.163Z,rnp2,2025-03-14T05:22:23.869Z,2025-03-14-02-19-50@1,1,99,6209687552,1335500800,21.51,3.05,6209687552,72257536,1.16,2180c98d-19b2-420a-9fe5-fed95944e550,157.88,6209687552,552624128,8.9,,,,,,,,,,
124,2025-03-14T05:21:58.171Z,rnp2,2025-03-14T05:22:24.877Z,2025-03-14-02-19-50@1,1,84.42,6209687552,1335513088,21.51,2.45,6209687552,72261632,1.16,2180c98d-19b2-420a-9fe5-fed95944e550,152.08,6209687552,552632320,8.9,,,,,,,,,,
125,2025-03-14T05:21:59.182Z,rnp2,2025-03-14T05:22:25.888Z,2025-03-14-02-19-50@1,1,79.59,6209687552,1335513088,21.51,2.58,6209687552,72265728,1.16,2180c98d-19b2-420a-9fe5-fed95944e550,147.29,6209687552,552636416,8.9,,,,,,,,,,
126,2025-03-14T05:22:00.190Z,rnp2,2025-03-14T05:22:26.896Z,2025-03-14-02-19-50@1,1,75.38,6209687552,1335513088,21.51,2.44,6209687552,72269824,1.16,2180c98d-19b2-420a-9fe5-fed95944e550,144.72,6209687552,552644608,8.9,,,,,,,,,,
127,2025-03-14T05:22:01.201Z,rnp2,2025-03-14T05:22:27.905Z,2025-03-14-02-19-50@1,1,74.49,6209687552,1335513088,21.51,2.53,6209687552,72404992,1.17,2180c98d-19b2-420a-9fe5-fed95944e550,145.43,6209687552,553070592,8.91,,,,,,,,,,
128,2025-03-14T05:22:02.216Z,rnp2,2025-03-14T05:22:28.916Z,2025-03-14-02-19-50@1,1,74.11,6209687552,1335513088,21.51,20.34,6209687552,71356416,1.15,2180c98d-19b2-420a-9fe5-fed95944e550,144.45,6209687552,553078784,8.91,,,,,,,,,,
129,2025-03-14T05:22:03.227Z,rnp2,2025-03-14T05:22:29.929Z,2025-03-14-02-19-50@1,1,85.2,6209687552,1335529472,21.51,84.12,6209687552,119394304,1.92,2180c98d-19b2-420a-9fe5-fed95944e550,98.51,6209687552,553078784,8.91,,,,,,,,,,
130,2025-03-14T05:22:04.234Z,rnp2,2025-03-14T05:22:30.940Z,2025-03-14-02-19-50@1,1,91.28,6209687552,1348898816,21.72,89.02,6209687552,71278592,1.15,2180c98d-19b2-420a-9fe5-fed95944e550,98.14,6209687552,553082880,8.91,,,,,,,,,,
131,2025-03-14T05:22:05.246Z,rnp2,2025-03-14T05:22:31.952Z,2025-03-14-02-19-50@1,1,99.49,6209687552,1319620608,21.25,64.36,6209687552,89657344,1.44,2180c98d-19b2-420a-9fe5-fed95944e550,113.7,6209687552,553086976,8.91,,,,,,,,,,
132,2025-03-14T05:22:06.254Z,rnp2,2025-03-14T05:22:32.961Z,2025-03-14-02-19-50@1,1,88.27,6209687552,1324752896,21.33,100.36,6209687552,113602560,1.83,2180c98d-19b2-420a-9fe5-fed95944e550,93.97,6209687552,553091072,8.91,,,,,,,,,,
133,2025-03-14T05:22:07.265Z,rnp2,2025-03-14T05:22:33.969Z,2025-03-14-02-19-50@1,1,99.5,6209687552,1366556672,22.01,12.6,6209687552,72237056,1.16,2180c98d-19b2-420a-9fe5-fed95944e550,142.85,6209687552,553070592,8.91,,,,,,,,,,
134,2025-03-14T05:22:08.277Z,rnp2,2025-03-14T05:22:34.980Z,2025-03-14-02-19-50@1,1,82.38,6209687552,1314074624,21.16,2.6,6209687552,72237056,1.16,2180c98d-19b2-420a-9fe5-fed95944e550,144.25,6209687552,553078784,8.91,,,,,,,,,,
135,2025-03-14T05:22:09.288Z,rnp2,2025-03-14T05:22:35.987Z,2025-03-14-02-19-50@1,1,83.59,6209687552,1319751680,21.25,2.49,6209687552,72241152,1.16,2180c98d-19b2-420a-9fe5-fed95944e550,155.3,6209687552,553082880,8.91,,,,,,,,,,
136,2025-03-14T05:22:10.292Z,rnp2,2025-03-14T05:22:36.998Z,2025-03-14-02-19-50@1,1,79.29,6209687552,1319981056,21.26,2.36,6209687552,72245248,1.16,2180c98d-19b2-420a-9fe5-fed95944e550,157.27,6209687552,553070592,8.91,,,,,,,,,,
137,2025-03-14T05:22:11.303Z,rnp2,2025-03-14T05:22:38.008Z,2025-03-14-02-19-50@1,1,80.61,6209687552,1319976960,21.26,2.56,6209687552,72249344,1.16,2180c98d-19b2-420a-9fe5-fed95944e550,159.31,6209687552,553082880,8.91,,,,,,,,,,
138,2025-03-14T05:22:12.312Z,rnp2,2025-03-14T05:22:39.018Z,2025-03-14-02-19-50@1,1,81.82,6209687552,1319976960,21.26,19.65,6209687552,71372800,1.15,2180c98d-19b2-420a-9fe5-fed95944e550,147.33,6209687552,553086976,8.91,,,,,,,,,,
139,2025-03-14T05:22:13.322Z,rnp2,2025-03-14T05:22:40.027Z,2025-03-14-02-19-50@1,1,86.91,6209687552,1319976960,21.26,53.8,6209687552,102277120,1.65,2180c98d-19b2-420a-9fe5-fed95944e550,121.39,6209687552,553070592,8.91,,,,,,,,,,
140,2025-03-14T05:22:14.328Z,rnp2,2025-03-14T05:22:41.034Z,2025-03-14-02-19-50@1,1,82.05,6209687552,1323073536,21.31,102.93,6209687552,72622080,1.17,2180c98d-19b2-420a-9fe5-fed95944e550,91.08,6209687552,553074688,8.91,,,,,,,,,,
141,2025-03-14T05:22:15.345Z,rnp2,2025-03-14T05:22:42.050Z,2025-03-14-02-19-50@1,1,100,6209687552,1367715840,22.03,49.87,6209687552,88784896,1.43,2180c98d-19b2-420a-9fe5-fed95944e550,116.45,6209687552,553082880,8.91,,,,,,,,,,
142,2025-03-14T05:22:16.357Z,rnp2,2025-03-14T05:22:43.058Z,2025-03-14-02-19-50@1,1,87,6209687552,1334190080,21.49,99.08,6209687552,72904704,1.17,2180c98d-19b2-420a-9fe5-fed95944e550,92.43,6209687552,553082880,8.91,,,,,,,,,,
143,2025-03-14T05:22:17.364Z,rnp2,2025-03-14T05:22:44.069Z,2025-03-14-02-19-50@1,1,100,6209687552,1375084544,22.14,30.52,6209687552,74313728,1.2,2180c98d-19b2-420a-9fe5-fed95944e550,133.45,6209687552,553082880,8.91,,,,,,,,,,
144,2025-03-14T05:22:18.375Z,rnp2,2025-03-14T05:22:45.081Z,2025-03-14-02-19-50@1,1,88.21,6209687552,1343074304,21.63,2.3,6209687552,74317824,1.2,2180c98d-19b2-420a-9fe5-fed95944e550,146.27,6209687552,553082880,8.91,,,,,,,,,,
145,2025-03-14T05:22:19.397Z,rnp2,2025-03-14T05:22:46.095Z,2025-03-14-02-19-50@1,1,75.26,6209687552,1343074304,21.63,2.44,6209687552,74317824,1.2,2180c98d-19b2-420a-9fe5-fed95944e550,154.66,6209687552,553082880,8.91,,,,,,,,,,
146,2025-03-14T05:22:20.398Z,rnp2,2025-03-14T05:22:47.102Z,2025-03-14-02-19-50@1,1,81.82,6209687552,1343074304,21.63,2.52,6209687552,74317824,1.2,2180c98d-19b2-420a-9fe5-fed95944e550,160.72,6209687552,553082880,8.91,,,,,,,,,,
147,2025-03-14T05:22:21.403Z,rnp2,2025-03-14T05:22:48.108Z,2025-03-14-02-19-50@1,1,82.32,6209687552,1343074304,21.63,2.42,6209687552,74317824,1.2,2180c98d-19b2-420a-9fe5-fed95944e550,163.58,6209687552,553086976,8.91,,,,,,,,,,
148,2025-03-14T05:22:22.415Z,rnp2,2025-03-14T05:22:49.121Z,2025-03-14-02-19-50@1,1,83.08,6209687552,1343320064,21.63,25.2,6209687552,74493952,1.2,2180c98d-19b2-420a-9fe5-fed95944e550,141.7,6209687552,553091072,8.91,,,,,,,,,,
149,2025-03-14T05:22:23.427Z,rnp2,2025-03-14T05:22:50.133Z,2025-03-14-02-19-50@1,1,84.26,6209687552,1343574016,21.64,47.8,6209687552,90972160,1.47,2180c98d-19b2-420a-9fe5-fed95944e550,129.45,6209687552,553099264,8.91,,,,,,,,,,
150,2025-03-14T05:22:24.438Z,rnp2,2025-03-14T05:22:51.144Z,2025-03-14-02-19-50@1,1,80.93,6209687552,1343832064,21.64,102.01,6209687552,125231104,2.02,2180c98d-19b2-420a-9fe5-fed95944e550,92.29,6209687552,553099264,8.91,,,,,,,,,,
151,2025-03-14T05:22:25.447Z,rnp2,2025-03-14T05:22:52.154Z,2025-03-14-02-19-50@1,1,100,6209687552,1370562560,22.07,65.12,6209687552,80945152,1.3,2180c98d-19b2-420a-9fe5-fed95944e550,84.5,6209687552,556810240,8.97,,,,,,,,,,
152,2025-03-14T05:22:26.462Z,rnp2,2025-03-14T05:22:53.166Z,2025-03-14-02-19-50@1,1,91.96,6209687552,1321906176,21.29,110.1,6209687552,127225856,2.05,2180c98d-19b2-420a-9fe5-fed95944e550,83.67,6209687552,570437632,9.19,,,,,,,,,,
153,2025-03-14T05:22:27.511Z,rnp2,2025-03-14T05:22:54.175Z,2025-03-14-02-19-50@1,1,84.85,6209687552,1366364160,22,48.74,6209687552,73031680,1.18,2180c98d-19b2-420a-9fe5-fed95944e550,96.58,6209687552,570839040,9.19,,,,,,,,,,
154,2025-03-14T05:22:28.483Z,rnp2,2025-03-14T05:22:55.189Z,2025-03-14-02-19-50@1,1,95,6209687552,1334509568,21.49,2.53,6209687552,73031680,1.18,2180c98d-19b2-420a-9fe5-fed95944e550,103.03,6209687552,571207680,9.2,,,,,,,,,,
155,2025-03-14T05:22:29.496Z,rnp2,2025-03-14T05:22:56.202Z,2025-03-14-02-19-50@1,1,57.89,6209687552,1334738944,21.49,2.52,6209687552,73043968,1.18,2180c98d-19b2-420a-9fe5-fed95944e550,97.48,6209687552,571084800,9.2,,,,,,,,,,
156,2025-03-14T05:22:30.507Z,rnp2,2025-03-14T05:22:57.213Z,2025-03-14-02-19-50@1,1,54.23,6209687552,1334734848,21.49,2.42,6209687552,73039872,1.18,2180c98d-19b2-420a-9fe5-fed95944e550,121.26,6209687552,569630720,9.17,,,,,,,,,,
157,2025-03-14T05:22:31.516Z,rnp2,2025-03-14T05:22:58.221Z,2025-03-14-02-19-50@1,1,53.81,6209687552,1336258560,21.52,2.22,6209687552,73039872,1.18,2180c98d-19b2-420a-9fe5-fed95944e550,133.34,6209687552,572395520,9.22,,,,,,,,,,
158,2025-03-14T05:22:32.525Z,rnp2,2025-03-14T05:22:59.229Z,2025-03-14-02-19-50@1,1,68.84,6209687552,1336279040,21.52,18.06,6209687552,72929280,1.17,2180c98d-19b2-420a-9fe5-fed95944e550,117.9,6209687552,576106496,9.28,,,,,,,,,,
159,2025-03-14T05:22:33.552Z,rnp2,2025-03-14T05:23:00.257Z,2025-03-14-02-19-50@1,1,73.37,6209687552,1336229888,21.52,9.03,6209687552,73744384,1.19,2180c98d-19b2-420a-9fe5-fed95944e550,131.35,6209687552,579670016,9.33,,,,,,,,,,
160,2025-03-14T05:22:34.556Z,rnp2,2025-03-14T05:23:01.262Z,2025-03-14-02-19-50@1,1,74.21,6209687552,1337982976,21.55,109.61,6209687552,126849024,2.04,2180c98d-19b2-420a-9fe5-fed95944e550,84.95,6209687552,580788224,9.35,,,,,,,,,,
161,2025-03-14T05:22:35.567Z,rnp2,2025-03-14T05:23:02.273Z,2025-03-14-02-19-50@1,1,88.5,6209687552,1359372288,21.89,51.67,6209687552,80097280,1.29,2180c98d-19b2-420a-9fe5-fed95944e550,114.39,6209687552,585408512,9.43,,,,,,,,,,
162,2025-03-14T05:22:36.576Z,rnp2,2025-03-14T05:23:03.281Z,2025-03-14-02-19-50@1,1,95.48,6209687552,1345835008,21.67,107.09,6209687552,123498496,1.99,2180c98d-19b2-420a-9fe5-fed95944e550,86.36,6209687552,586465280,9.44,,,,,,,,,,
163,2025-03-14T05:22:37.593Z,rnp2,2025-03-14T05:23:04.289Z,2025-03-14-02-19-50@1,1,89,6209687552,1368203264,22.03,41.04,6209687552,72847360,1.17,2180c98d-19b2-420a-9fe5-fed95944e550,113.81,6209687552,589725696,9.5,,,,,,,,,,
164,2025-03-14T05:22:38.598Z,rnp2,2025-03-14T05:23:05.303Z,2025-03-14-02-19-50@1,1,98.99,6209687552,1368711168,22.04,1.93,6209687552,72847360,1.17,2180c98d-19b2-420a-9fe5-fed95944e550,99.04,6209687552,590950400,9.52,,,,,,,,,,
165,2025-03-14T05:22:39.606Z,rnp2,2025-03-14T05:23:06.312Z,2025-03-14-02-19-50@1,1,66.5,6209687552,1368670208,22.04,2.35,6209687552,72859648,1.17,2180c98d-19b2-420a-9fe5-fed95944e550,99.94,6209687552,600956928,9.68,,,,,,,,,,
166,2025-03-14T05:22:40.616Z,rnp2,2025-03-14T05:23:07.321Z,2025-03-14-02-19-50@1,1,52.53,6209687552,1368686592,22.04,2.2,6209687552,72859648,1.17,2180c98d-19b2-420a-9fe5-fed95944e550,134.02,6209687552,607137792,9.78,,,,,,,,,,
167,2025-03-14T05:22:41.637Z,rnp2,2025-03-14T05:23:08.342Z,2025-03-14-02-19-50@1,1,54,6209687552,1372299264,22.1,2.35,6209687552,72867840,1.17,2180c98d-19b2-420a-9fe5-fed95944e550,155.81,6209687552,607170560,9.78,,,,,,,,,,
168,2025-03-14T05:22:42.647Z,rnp2,2025-03-14T05:23:09.350Z,2025-03-14-02-19-50@1,1,81.03,6209687552,1372545024,22.1,21.22,6209687552,72982528,1.18,2180c98d-19b2-420a-9fe5-fed95944e550,135.43,6209687552,607195136,9.78,,,,,,,,,,
169,2025-03-14T05:22:43.676Z,rnp2,2025-03-14T05:23:10.364Z,2025-03-14-02-19-50@1,1,78.06,6209687552,1372545024,22.1,20.62,6209687552,80715776,1.3,2180c98d-19b2-420a-9fe5-fed95944e550,138.38,6209687552,607494144,9.78,,,,,,,,,,
170,2025-03-14T05:22:44.667Z,rnp2,2025-03-14T05:23:11.372Z,2025-03-14-02-19-50@1,1,79.8,6209687552,1372803072,22.11,112.12,6209687552,113225728,1.82,2180c98d-19b2-420a-9fe5-fed95944e550,83.61,6209687552,607506432,9.78,,,,,,,,,,
171,2025-03-14T05:22:45.687Z,rnp2,2025-03-14T05:23:12.390Z,2025-03-14-02-19-50@1,1,89.34,6209687552,1385168896,22.31,46.43,6209687552,74690560,1.2,2180c98d-19b2-420a-9fe5-fed95944e550,118.62,6209687552,607522816,9.78,,,,,,,,,,
172,2025-03-14T05:22:46.695Z,rnp2,2025-03-14T05:23:13.399Z,2025-03-14-02-19-50@1,1,100,6209687552,1386663936,22.33,109.39,6209687552,113704960,1.83,2180c98d-19b2-420a-9fe5-fed95944e550,84.33,6209687552,607535104,9.78,,,,,,,,,,
173,2025-03-14T05:22:47.706Z,rnp2,2025-03-14T05:23:14.411Z,2025-03-14-02-19-50@1,1,85.5,6209687552,1390231552,22.39,25.6,6209687552,72679424,1.17,2180c98d-19b2-420a-9fe5-fed95944e550,144.58,6209687552,607543296,9.78,,,,,,,,,,
174,2025-03-14T05:22:48.718Z,rnp2,2025-03-14T05:23:15.423Z,2025-03-14-02-19-50@1,1,97.97,6209687552,1387630592,22.35,2.63,6209687552,72683520,1.17,2180c98d-19b2-420a-9fe5-fed95944e550,158.98,6209687552,607547392,9.78,,,,,,,,,,
175,2025-03-14T05:22:49.730Z,rnp2,2025-03-14T05:23:16.436Z,2025-03-14-02-19-50@1,1,85.13,6209687552,1387630592,22.35,2.71,6209687552,72687616,1.17,2180c98d-19b2-420a-9fe5-fed95944e550,158.01,6209687552,607559680,9.78,,,,,,,,,,
176,2025-03-14T05:22:50.740Z,rnp2,2025-03-14T05:23:17.445Z,2025-03-14-02-19-50@1,1,83.33,6209687552,1387630592,22.35,2.53,6209687552,72695808,1.17,2180c98d-19b2-420a-9fe5-fed95944e550,157.89,6209687552,607567872,9.78,,,,,,,,,,
177,2025-03-14T05:22:51.756Z,rnp2,2025-03-14T05:23:18.460Z,2025-03-14-02-19-50@1,1,82.91,6209687552,1387630592,22.35,2.71,6209687552,72699904,1.17,2180c98d-19b2-420a-9fe5-fed95944e550,159.24,6209687552,607588352,9.78,,,,,,,,,,
178,2025-03-14T05:22:52.766Z,rnp2,2025-03-14T05:23:19.471Z,2025-03-14-02-19-50@1,1,83.42,6209687552,1387630592,22.35,30.87,6209687552,72753152,1.17,2180c98d-19b2-420a-9fe5-fed95944e550,139.96,6209687552,607592448,9.78,,,,,,,,,,
179,2025-03-14T05:22:53.788Z,rnp2,2025-03-14T05:23:20.492Z,2025-03-14-02-19-50@1,1,82.74,6209687552,1387630592,22.35,26.81,6209687552,79474688,1.28,2180c98d-19b2-420a-9fe5-fed95944e550,138.68,6209687552,607600640,9.78,,,,,,,,,,
180,2025-03-14T05:22:54.804Z,rnp2,2025-03-14T05:23:21.510Z,2025-03-14-02-19-50@1,1,87.82,6209687552,1387626496,22.35,108.44,6209687552,98238464,1.58,2180c98d-19b2-420a-9fe5-fed95944e550,86.42,6209687552,607600640,9.78,,,,,,,,,,
181,2025-03-14T05:22:55.819Z,rnp2,2025-03-14T05:23:22.524Z,2025-03-14-02-19-50@1,1,90.45,6209687552,1389449216,22.38,83.86,6209687552,73424896,1.18,2180c98d-19b2-420a-9fe5-fed95944e550,103.38,6209687552,607604736,9.78,,,,,,,,,,
182,2025-03-14T05:22:56.831Z,rnp2,2025-03-14T05:23:23.536Z,2025-03-14-02-19-50@1,1,98.99,6209687552,1409277952,22.69,71.42,6209687552,109105152,1.76,2180c98d-19b2-420a-9fe5-fed95944e550,107.35,6209687552,607608832,9.78,,,,,,,,,,
183,2025-03-14T05:22:57.840Z,rnp2,2025-03-14T05:23:24.546Z,2025-03-14-02-19-50@1,1,95.41,6209687552,1377243136,22.18,104.26,6209687552,116031488,1.87,2180c98d-19b2-420a-9fe5-fed95944e550,87.28,6209687552,607313920,9.78,,,,,,,,,,
184,2025-03-14T05:22:58.855Z,rnp2,2025-03-14T05:23:25.557Z,2025-03-14-02-19-50@1,1,96.02,6209687552,1408466944,22.68,30.3,6209687552,74485760,1.2,2180c98d-19b2-420a-9fe5-fed95944e550,137.03,6209687552,607318016,9.78,,,,,,,,,,
185,2025-03-14T05:22:59.858Z,rnp2,2025-03-14T05:23:26.564Z,2025-03-14-02-19-50@1,1,99.49,6209687552,1419452416,22.86,2.62,6209687552,74465280,1.2,2180c98d-19b2-420a-9fe5-fed95944e550,149.66,6209687552,607322112,9.78,,,,,,,,,,
186,2025-03-14T05:23:00.866Z,rnp2,2025-03-14T05:23:27.573Z,2025-03-14-02-19-50@1,1,83.33,6209687552,1385717760,22.32,2.47,6209687552,74473472,1.2,2180c98d-19b2-420a-9fe5-fed95944e550,163.68,6209687552,607326208,9.78,,,,,,,,,,
187,2025-03-14T05:23:01.883Z,rnp2,2025-03-14T05:23:28.589Z,2025-03-14-02-19-50@1,1,79.29,6209687552,1386446848,22.33,2.55,6209687552,74473472,1.2,2180c98d-19b2-420a-9fe5-fed95944e550,156.59,6209687552,607338496,9.78,,,,,,,,,,
188,2025-03-14T05:23:02.894Z,rnp2,2025-03-14T05:23:29.599Z,2025-03-14-02-19-50@1,1,83.59,6209687552,1385922560,22.32,2.76,6209687552,74477568,1.2,2180c98d-19b2-420a-9fe5-fed95944e550,152.98,6209687552,607342592,9.78,,,,,,,,,,
189,2025-03-14T05:23:03.903Z,rnp2,2025-03-14T05:23:30.606Z,2025-03-14-02-19-50@1,1,82.83,6209687552,1385918464,22.32,22.36,6209687552,74633216,1.2,2180c98d-19b2-420a-9fe5-fed95944e550,141.02,6209687552,607350784,9.78,,,,,,,,,,
190,2025-03-14T05:23:04.914Z,rnp2,2025-03-14T05:23:31.620Z,2025-03-14-02-19-50@1,1,83,6209687552,1385918464,22.32,33.66,6209687552,87371776,1.41,2180c98d-19b2-420a-9fe5-fed95944e550,129.6,6209687552,607354880,9.78,,,,,,,,,,
191,2025-03-14T05:23:05.924Z,rnp2,2025-03-14T05:23:32.629Z,2025-03-14-02-19-50@1,1,85.57,6209687552,1386364928,22.33,112.17,6209687552,113303552,1.82,2180c98d-19b2-420a-9fe5-fed95944e550,81.99,6209687552,607354880,9.78,,,,,,,,,,
192,2025-03-14T05:23:06.942Z,rnp2,2025-03-14T05:23:33.648Z,2025-03-14-02-19-50@1,1,85.2,6209687552,1387896832,22.35,56.12,6209687552,74055680,1.19,2180c98d-19b2-420a-9fe5-fed95944e550,119.81,6209687552,607358976,9.78,,,,,,,,,,
193,2025-03-14T05:23:07.961Z,rnp2,2025-03-14T05:23:34.666Z,2025-03-14-02-19-50@1,1,100,6209687552,1414959104,22.79,98.73,6209687552,121278464,1.95,2180c98d-19b2-420a-9fe5-fed95944e550,83.38,6209687552,607367168,9.78,,,,,,,,,,
194,2025-03-14T05:23:08.975Z,rnp2,2025-03-14T05:23:35.681Z,2025-03-14-02-19-50@1,1,90.4,6209687552,1384960000,22.3,75.2,6209687552,73523200,1.18,2180c98d-19b2-420a-9fe5-fed95944e550,103.06,6209687552,607371264,9.78,,,,,,,,,,
195,2025-03-14T05:23:09.990Z,rnp2,2025-03-14T05:23:36.695Z,2025-03-14-02-19-50@1,1,99.49,6209687552,1423609856,22.93,4.39,6209687552,72818688,1.17,2180c98d-19b2-420a-9fe5-fed95944e550,156.02,6209687552,607375360,9.78,,,,,,,,,,
196,2025-03-14T05:23:11.015Z,rnp2,2025-03-14T05:23:37.719Z,2025-03-14-02-19-50@1,1,97.5,6209687552,1390559232,22.39,2.81,6209687552,72822784,1.17,2180c98d-19b2-420a-9fe5-fed95944e550,154.56,6209687552,607379456,9.78,,,,,,,,,,
197,2025-03-14T05:23:12.027Z,rnp2,2025-03-14T05:23:38.728Z,2025-03-14-02-19-50@1,1,82.23,6209687552,1389518848,22.38,2.76,6209687552,72830976,1.17,2180c98d-19b2-420a-9fe5-fed95944e550,161.11,6209687552,607379456,9.78,,,,,,,,,,
198,2025-03-14T05:23:13.056Z,rnp2,2025-03-14T05:23:39.753Z,2025-03-14-02-19-50@1,1,82.72,6209687552,1389760512,22.38,2.87,6209687552,72826880,1.17,2180c98d-19b2-420a-9fe5-fed95944e550,158.2,6209687552,607379456,9.78,,,,,,,,,,
199,2025-03-14T05:23:13.057Z,rnp2,2025-03-14T05:23:39.755Z,2025-03-14-02-19-50@1,1,81.91,6209687552,1389764608,22.38,2.87,6209687552,72826880,1.17,2180c98d-19b2-420a-9fe5-fed95944e550,158.2,6209687552,607379456,9.78,,,,,,,,,,
200,2025-03-14T05:23:14.052Z,rnp2,2025-03-14T05:23:40.757Z,2025-03-14-02-19-50@1,1,83.59,6209687552,1389760512,22.38,2.83,6209687552,72966144,1.18,2180c98d-19b2-420a-9fe5-fed95944e550,157.96,6209687552,607383552,9.78,,,,,,,,,,
201,2025-03-14T05:23:15.063Z,rnp2,2025-03-14T05:23:41.768Z,2025-03-14-02-19-50@1,1,85,6209687552,1389760512,22.38,26.31,6209687552,73555968,1.18,2180c98d-19b2-420a-9fe5-fed95944e550,142.04,6209687552,607424512,9.78,,,,,,,,,,
202,2025-03-14T05:23:16.076Z,rnp2,2025-03-14T05:23:42.779Z,2025-03-14-02-19-50@1,1,85.2,6209687552,1390571520,22.39,71.13,6209687552,99672064,1.61,2180c98d-19b2-420a-9fe5-fed95944e550,116.53,6209687552,607424512,9.78,,,,,,,,,,
203,2025-03-14T05:23:17.085Z,rnp2,2025-03-14T05:23:43.789Z,2025-03-14-02-19-50@1,1,95.45,6209687552,1405452288,22.63,106.25,6209687552,75575296,1.22,2180c98d-19b2-420a-9fe5-fed95944e550,85.63,6209687552,607424512,9.78,,,,,,,,,,
204,2025-03-14T05:23:18.096Z,rnp2,2025-03-14T05:23:44.798Z,2025-03-14-02-19-50@1,1,99.5,6209687552,1393008640,22.43,61.95,6209687552,81739776,1.32,2180c98d-19b2-420a-9fe5-fed95944e550,114.11,6209687552,607424512,9.78,,,,,,,,,,
205,2025-03-14T05:23:19.100Z,rnp2,2025-03-14T05:23:45.805Z,2025-03-14-02-19-50@1,1,91.58,6209687552,1394012160,22.45,112.11,6209687552,127795200,2.06,2180c98d-19b2-420a-9fe5-fed95944e550,82.48,6209687552,607424512,9.78,,,,,,,,,,
206,2025-03-14T05:23:20.111Z,rnp2,2025-03-14T05:23:46.816Z,2025-03-14-02-19-50@1,1,100,6209687552,1416425472,22.81,31.88,6209687552,73637888,1.19,2180c98d-19b2-420a-9fe5-fed95944e550,136.16,6209687552,607424512,9.78,,,,,,,,,,
207,2025-03-14T05:23:21.127Z,rnp2,2025-03-14T05:23:47.829Z,2025-03-14-02-19-50@1,1,88.38,6209687552,1381597184,22.25,2.85,6209687552,73641984,1.19,2180c98d-19b2-420a-9fe5-fed95944e550,145.1,6209687552,607424512,9.78,,,,,,,,,,
208,2025-03-14T05:23:22.135Z,rnp2,2025-03-14T05:23:48.837Z,2025-03-14-02-19-50@1,1,74.09,6209687552,1381855232,22.25,2.92,6209687552,73637888,1.19,2180c98d-19b2-420a-9fe5-fed95944e550,139.72,6209687552,607379456,9.78,,,,,,,,,,
209,2025-03-14T05:23:23.160Z,rnp2,2025-03-14T05:23:49.852Z,2025-03-14-02-19-50@1,1,82.14,6209687552,1381855232,22.25,3.21,6209687552,73641984,1.19,2180c98d-19b2-420a-9fe5-fed95944e550,0,6209687552,607379456,9.78,,,,,,,,,,
210,2025-03-14T05:23:24.164Z,rnp2,2025-03-14T05:23:50.863Z,2025-03-14-02-19-50@1,1,3.55,6209687552,1381855232,22.25,3.53,6209687552,73773056,1.19,2180c98d-19b2-420a-9fe5-fed95944e550,0,6209687552,607379456,9.78,,,,,,,,,,
211,2025-03-14T05:23:25.174Z,rnp2,2025-03-14T05:23:51.880Z,2025-03-14-02-19-50@1,1,5.53,6209687552,1382100992,22.26,26.45,6209687552,74035200,1.19,2180c98d-19b2-420a-9fe5-fed95944e550,0,6209687552,607379456,9.78,,,,,,,,,,
212,2025-03-14T05:23:26.195Z,rnp2,2025-03-14T05:23:52.898Z,2025-03-14-02-19-50@1,1,14.74,6209687552,1384181760,22.29,51.72,6209687552,87953408,1.42,2180c98d-19b2-420a-9fe5-fed95944e550,0,6209687552,607379456,9.78,,,,,,,,,,
213,2025-03-14T05:23:27.208Z,rnp2,2025-03-14T05:23:53.912Z,2025-03-14-02-19-50@1,1,15.15,6209687552,1389084672,22.37,153.32,6209687552,72261632,1.16,2180c98d-19b2-420a-9fe5-fed95944e550,0,6209687552,607379456,9.78,,,,,,,,,,
214,2025-03-14T05:23:28.225Z,rnp2,2025-03-14T05:23:54.929Z,2025-03-14-02-19-50@1,1,95.02,6209687552,1398034432,22.51,131.1,6209687552,124063744,2,2180c98d-19b2-420a-9fe5-fed95944e550,0,6209687552,607379456,9.78,,,,,,,,,,
215,2025-03-14T05:23:29.233Z,rnp2,2025-03-14T05:23:55.939Z,2025-03-14-02-19-50@1,1,51.78,6209687552,1409343488,22.7,76.62,6209687552,72458240,1.17,2180c98d-19b2-420a-9fe5-fed95944e550,0,6209687552,607379456,9.78,,,,,,,,,,
216,2025-03-14T05:23:30.240Z,rnp2,2025-03-14T05:23:56.946Z,2025-03-14-02-19-50@1,1,60.1,6209687552,1393049600,22.43,2.83,6209687552,72470528,1.17,2180c98d-19b2-420a-9fe5-fed95944e550,0,6209687552,607379456,9.78,,,,,,,,,,
217,2025-03-14T05:23:31.252Z,rnp2,2025-03-14T05:23:57.952Z,2025-03-14-02-19-50@1,1,3.05,6209687552,1393045504,22.43,2.27,6209687552,72601600,1.17,2180c98d-19b2-420a-9fe5-fed95944e550,0.01,6209687552,607379456,9.78,,,,,,,,,,
218,2025-03-14T05:23:32.255Z,rnp2,2025-03-14T05:23:58.959Z,2025-03-14-02-19-50@1,1,3.03,6209687552,1393274880,22.44,2.09,6209687552,72474624,1.17,2180c98d-19b2-420a-9fe5-fed95944e550,0,6209687552,607379456,9.78,,,,,,,,,,
219,2025-03-14T05:23:33.266Z,rnp2,2025-03-14T05:23:59.969Z,2025-03-14-02-19-50@1,1,4.69,6209687552,1393274880,22.44,1.54,6209687552,72474624,1.17,2180c98d-19b2-420a-9fe5-fed95944e550,0,6209687552,607379456,9.78,,,,,,,,,,
220,2025-03-14T05:23:34.273Z,rnp2,2025-03-14T05:24:00.978Z,2025-03-14-02-19-50@1,1,4.55,6209687552,1393274880,22.44,21.68,6209687552,73388032,1.18,2180c98d-19b2-420a-9fe5-fed95944e550,0.02,6209687552,607379456,9.78,,,,,,,,,,
221,2025-03-14T05:23:35.284Z,rnp2,2025-03-14T05:24:01.990Z,2025-03-14-02-19-50@1,1,5.5,6209687552,1393274880,22.44,29.36,6209687552,88690688,1.43,2180c98d-19b2-420a-9fe5-fed95944e550,0,6209687552,607379456,9.78,,,,,,,,,,
222,2025-03-14T05:23:36.305Z,rnp2,2025-03-14T05:24:03.009Z,2025-03-14-02-19-50@1,1,12.56,6209687552,1391546368,22.41,127.74,6209687552,72138752,1.16,2180c98d-19b2-420a-9fe5-fed95944e550,0,6209687552,607379456,9.78,,,,,,,,,,
223,2025-03-14T05:23:37.320Z,rnp2,2025-03-14T05:24:04.018Z,2025-03-14-02-19-50@1,1,80.1,6209687552,1386328064,22.33,143.94,6209687552,99745792,1.61,2180c98d-19b2-420a-9fe5-fed95944e550,0,6209687552,607379456,9.78,,,,,,,,,,
224,2025-03-14T05:23:38.322Z,rnp2,2025-03-14T05:24:05.027Z,2025-03-14-02-19-50@1,1,50.76,6209687552,1422372864,22.91,32.98,6209687552,72232960,1.16,2180c98d-19b2-420a-9fe5-fed95944e550,0,6209687552,607379456,9.78,,,,,,,,,,
225,2025-03-14T05:23:39.333Z,rnp2,2025-03-14T05:24:06.036Z,2025-03-14-02-19-50@1,1,45.96,6209687552,1396969472,22.5,2.55,6209687552,72237056,1.16,2180c98d-19b2-420a-9fe5-fed95944e550,0,6209687552,607379456,9.78,,,,,,,,,,
226,2025-03-14T05:23:40.341Z,rnp2,2025-03-14T05:24:07.046Z,2025-03-14-02-19-50@1,1,13.37,6209687552,1393016832,22.43,2.24,6209687552,72237056,1.16,2180c98d-19b2-420a-9fe5-fed95944e550,0,6209687552,607379456,9.78,,,,,,,,,,
227,2025-03-14T05:23:41.358Z,rnp2,2025-03-14T05:24:08.063Z,2025-03-14-02-19-50@1,1,3.02,6209687552,1393016832,22.43,2.1,6209687552,72241152,1.16,2180c98d-19b2-420a-9fe5-fed95944e550,0,6209687552,607379456,9.78,,,,,,,,,,
228,2025-03-14T05:23:42.369Z,rnp2,2025-03-14T05:24:09.074Z,2025-03-14-02-19-50@1,1,3.5,6209687552,1393016832,22.43,2.04,6209687552,72241152,1.16,2180c98d-19b2-420a-9fe5-fed95944e550,0,6209687552,607379456,9.78,,,,,,,,,,
229,2025-03-14T05:23:43.385Z,rnp2,2025-03-14T05:24:10.086Z,2025-03-14-02-19-50@1,1,4.04,6209687552,1393262592,22.44,26.6,6209687552,72970240,1.18,2180c98d-19b2-420a-9fe5-fed95944e550,0,6209687552,607379456,9.78,,,,,,,,,,
230,2025-03-14T05:23:44.395Z,rnp2,2025-03-14T05:24:11.093Z,2025-03-14-02-19-50@1,1,12.63,6209687552,1394810880,22.46,68.64,6209687552,123162624,1.98,2180c98d-19b2-420a-9fe5-fed95944e550,0,6209687552,607379456,9.78,,,,,,,,,,
231,2025-03-14T05:23:45.401Z,rnp2,2025-03-14T05:24:12.106Z,2025-03-14-02-19-50@1,1,6.53,6209687552,1394827264,22.46,80.74,6209687552,81313792,1.31,2180c98d-19b2-420a-9fe5-fed95944e550,0,6209687552,607379456,9.78,,,,,,,,,,
232,2025-03-14T05:23:46.413Z,rnp2,2025-03-14T05:24:13.119Z,2025-03-14-02-19-50@1,1,65.99,6209687552,1367556096,22.02,130.45,6209687552,72462336,1.17,2180c98d-19b2-420a-9fe5-fed95944e550,0.01,6209687552,607379456,9.78,,,,,,,,,,
233,2025-03-14T05:23:47.431Z,rnp2,2025-03-14T05:24:14.136Z,2025-03-14-02-19-50@1,1,73.63,6209687552,1385893888,22.32,4.43,6209687552,72712192,1.17,2180c98d-19b2-420a-9fe5-fed95944e550,0,6209687552,607379456,9.78,,,,,,,,,,
234,2025-03-14T05:23:48.444Z,rnp2,2025-03-14T05:24:15.148Z,2025-03-14-02-19-50@1,1,7.18,6209687552,1386082304,22.32,3.36,6209687552,72720384,1.17,2180c98d-19b2-420a-9fe5-fed95944e550,0,6209687552,607379456,9.78,,,,,,,,,,
235,2025-03-14T05:23:49.461Z,rnp2,2025-03-14T05:24:16.166Z,2025-03-14-02-19-50@1,1,4.55,6209687552,1386082304,22.32,3.54,6209687552,72720384,1.17,2180c98d-19b2-420a-9fe5-fed95944e550,0,6209687552,607379456,9.78,,,,,,,,,,
236,2025-03-14T05:23:50.486Z,rnp2,2025-03-14T05:24:17.185Z,2025-03-14-02-19-50@1,1,4.06,6209687552,1386082304,22.32,3.08,6209687552,72724480,1.17,2180c98d-19b2-420a-9fe5-fed95944e550,0,6209687552,607379456,9.78,,,,,,,,,,
237,2025-03-14T05:23:51.500Z,rnp2,2025-03-14T05:24:18.205Z,2025-03-14-02-19-50@1,1,4.92,6209687552,1386082304,22.32,11.36,6209687552,73846784,1.19,2180c98d-19b2-420a-9fe5-fed95944e550,0,6209687552,607379456,9.78,,,,,,,,,,
238,2025-03-14T05:23:52.516Z,rnp2,2025-03-14T05:24:19.221Z,2025-03-14-02-19-50@1,1,3.57,6209687552,1386082304,22.32,23.56,6209687552,72638464,1.17,2180c98d-19b2-420a-9fe5-fed95944e550,0,6209687552,607379456,9.78,,,,,,,,,,
239,2025-03-14T05:23:53.529Z,rnp2,2025-03-14T05:24:20.231Z,2025-03-14-02-19-50@1,1,17.95,6209687552,1386115072,22.32,167.67,6209687552,73125888,1.18,2180c98d-19b2-420a-9fe5-fed95944e550,0,6209687552,607379456,9.78,,,,,,,,,,
240,2025-03-14T05:23:54.547Z,rnp2,2025-03-14T05:24:21.251Z,2025-03-14-02-19-50@1,1,43.65,6209687552,1401339904,22.57,89.64,6209687552,106508288,1.72,2180c98d-19b2-420a-9fe5-fed95944e550,0,6209687552,607379456,9.78,,,,,,,,,,
241,2025-03-14T05:23:55.562Z,rnp2,2025-03-14T05:24:22.268Z,2025-03-14-02-19-50@1,1,49.25,6209687552,1388154880,22.35,84.03,6209687552,72392704,1.17,2180c98d-19b2-420a-9fe5-fed95944e550,0,6209687552,607379456,9.78,,,,,,,,,,
242,2025-03-14T05:23:56.574Z,rnp2,2025-03-14T05:24:23.279Z,2025-03-14-02-19-50@1,1,85.43,6209687552,1390129152,22.39,3.5,6209687552,72392704,1.17,2180c98d-19b2-420a-9fe5-fed95944e550,0,6209687552,607379456,9.78,,,,,,,,,,
243,2025-03-14T05:23:57.599Z,rnp2,2025-03-14T05:24:24.301Z,2025-03-14-02-19-50@1,1,5.61,6209687552,1390129152,22.39,3.11,6209687552,72396800,1.17,2180c98d-19b2-420a-9fe5-fed95944e550,0,6209687552,607379456,9.78,,,,,,,,,,
244,2025-03-14T05:23:58.614Z,rnp2,2025-03-14T05:24:25.319Z,2025-03-14-02-19-50@1,1,4.52,6209687552,1390129152,22.39,3.18,6209687552,72404992,1.17,2180c98d-19b2-420a-9fe5-fed95944e550,0,6209687552,607379456,9.78,,,,,,,,,,
245,2025-03-14T05:23:59.645Z,rnp2,2025-03-14T05:24:26.350Z,2025-03-14-02-19-50@1,1,4.74,6209687552,1390374912,22.39,3.1,6209687552,72409088,1.17,2180c98d-19b2-420a-9fe5-fed95944e550,0,6209687552,607379456,9.78,,,,,,,,,,
246,2025-03-14T05:24:00.661Z,rnp2,2025-03-14T05:24:27.365Z,2025-03-14-02-19-50@1,1,3.57,6209687552,1390374912,22.39,27.31,6209687552,72486912,1.17,2180c98d-19b2-420a-9fe5-fed95944e550,0,6209687552,607379456,9.78,,,,,,,,,,
247,2025-03-14T05:24:01.673Z,rnp2,2025-03-14T05:24:28.378Z,2025-03-14-02-19-50@1,1,5.13,6209687552,1390374912,22.39,27.38,6209687552,82448384,1.33,2180c98d-19b2-420a-9fe5-fed95944e550,0,6209687552,607379456,9.78,,,,,,,,,,
248,2025-03-14T05:24:02.696Z,rnp2,2025-03-14T05:24:29.400Z,2025-03-14-02-19-50@1,1,15.31,6209687552,1390661632,22.4,121,6209687552,115531776,1.86,2180c98d-19b2-420a-9fe5-fed95944e550,63.5,6209687552,611196928,9.84,,,,,,,,,,
249,2025-03-14T05:24:03.709Z,rnp2,2025-03-14T05:24:30.414Z,2025-03-14-02-19-50@1,1,51.76,6209687552,1402785792,22.59,51.78,6209687552,75493376,1.22,2180c98d-19b2-420a-9fe5-fed95944e550,90.19,6209687552,628989952,10.13,,,,,,,,,,
250,2025-03-14T05:24:04.727Z,rnp2,2025-03-14T05:24:31.427Z,2025-03-14-02-19-50@1,1,99.5,6209687552,1365463040,21.99,110.04,6209687552,122658816,1.98,2180c98d-19b2-420a-9fe5-fed95944e550,84.05,6209687552,628994048,10.13,,,,,,,,,,
251,2025-03-14T05:24:05.738Z,rnp2,2025-03-14T05:24:32.443Z,2025-03-14-02-19-50@1,1,77.5,6209687552,1404456960,22.62,88.7,6209687552,73068544,1.18,2180c98d-19b2-420a-9fe5-fed95944e550,91.94,6209687552,629116928,10.13,,,,,,,,,,
252,2025-03-14T05:24:06.761Z,rnp2,2025-03-14T05:24:33.466Z,2025-03-14-02-19-50@1,1,100,6209687552,1446703104,23.3,5.3,6209687552,73342976,1.18,2180c98d-19b2-420a-9fe5-fed95944e550,100.64,6209687552,630775808,10.16,,,,,,,,,,
253,2025-03-14T05:24:07.774Z,rnp2,2025-03-14T05:24:34.479Z,2025-03-14-02-19-50@1,1,83.42,6209687552,1418280960,22.84,3.53,6209687552,73351168,1.18,2180c98d-19b2-420a-9fe5-fed95944e550,99.16,6209687552,629133312,10.13,,,,,,,,,,
254,2025-03-14T05:24:08.784Z,rnp2,2025-03-14T05:24:35.489Z,2025-03-14-02-19-50@1,1,56.48,6209687552,1418276864,22.84,3.14,6209687552,73351168,1.18,2180c98d-19b2-420a-9fe5-fed95944e550,95.8,6209687552,630935552,10.16,,,,,,,,,,
255,2025-03-14T05:24:09.804Z,rnp2,2025-03-14T05:24:36.508Z,2025-03-14-02-19-50@1,1,54.31,6209687552,1419849728,22.87,3.07,6209687552,73359360,1.18,2180c98d-19b2-420a-9fe5-fed95944e550,114,6209687552,631066624,10.16,,,,,,,,,,
256,2025-03-14T05:24:10.816Z,rnp2,2025-03-14T05:24:37.521Z,2025-03-14-02-19-50@1,1,62.44,6209687552,1419849728,22.87,2.66,6209687552,73498624,1.18,2180c98d-19b2-420a-9fe5-fed95944e550,101.58,6209687552,630775808,10.16,,,,,,,,,,
257,2025-03-14T05:24:11.826Z,rnp2,2025-03-14T05:24:38.531Z,2025-03-14-02-19-50@1,1,61.42,6209687552,1419845632,22.87,28.83,6209687552,73363456,1.18,2180c98d-19b2-420a-9fe5-fed95944e550,123.02,6209687552,630804480,10.16,,,,,,,,,,
258,2025-03-14T05:24:12.838Z,rnp2,2025-03-14T05:24:39.543Z,2025-03-14-02-19-50@1,1,64.18,6209687552,1419829248,22.86,65.04,6209687552,99897344,1.61,2180c98d-19b2-420a-9fe5-fed95944e550,93.17,6209687552,630824960,10.16,,,,,,,,,,
259,2025-03-14T05:24:13.861Z,rnp2,2025-03-14T05:24:40.565Z,2025-03-14-02-19-50@1,1,70.41,6209687552,1419829248,22.86,105.84,6209687552,117432320,1.89,2180c98d-19b2-420a-9fe5-fed95944e550,87.16,6209687552,630870016,10.16,,,,,,,,,,
260,2025-03-14T05:24:14.877Z,rnp2,2025-03-14T05:24:41.581Z,2025-03-14-02-19-50@1,1,91,6209687552,1448493056,23.33,47.33,6209687552,78995456,1.27,2180c98d-19b2-420a-9fe5-fed95944e550,114.98,6209687552,633434112,10.2,,,,,,,,,,
261,2025-03-14T05:24:15.886Z,rnp2,2025-03-14T05:24:42.590Z,2025-03-14-02-19-50@1,1,99.5,6209687552,1425186816,22.95,112,6209687552,123523072,1.99,2180c98d-19b2-420a-9fe5-fed95944e550,81.06,6209687552,634683392,10.22,,,,,,,,,,
262,2025-03-14T05:24:16.922Z,rnp2,2025-03-14T05:24:43.626Z,2025-03-14-02-19-50@1,1,86.43,6209687552,1427648512,22.99,83.48,6209687552,73199616,1.18,2180c98d-19b2-420a-9fe5-fed95944e550,88.97,6209687552,637104128,10.26,,,,,,,,,,
263,2025-03-14T05:24:17.935Z,rnp2,2025-03-14T05:24:44.639Z,2025-03-14-02-19-50@1,1,100,6209687552,1457496064,23.47,21.24,6209687552,74895360,1.21,2180c98d-19b2-420a-9fe5-fed95944e550,110.23,6209687552,638431232,10.28,,,,,,,,,,
264,2025-03-14T05:24:18.952Z,rnp2,2025-03-14T05:24:45.655Z,2025-03-14-02-19-50@1,1,85.35,6209687552,1425477632,22.96,3.09,6209687552,74887168,1.21,2180c98d-19b2-420a-9fe5-fed95944e550,114.88,6209687552,639688704,10.3,,,,,,,,,,
265,2025-03-14T05:24:19.969Z,rnp2,2025-03-14T05:24:46.673Z,2025-03-14-02-19-50@1,1,76.88,6209687552,1425846272,22.96,3.11,6209687552,74911744,1.21,2180c98d-19b2-420a-9fe5-fed95944e550,128.91,6209687552,642195456,10.34,,,,,,,,,,
266,2025-03-14T05:24:20.987Z,rnp2,2025-03-14T05:24:47.691Z,2025-03-14-02-19-50@1,1,62.5,6209687552,1425813504,22.96,2.93,6209687552,74899456,1.21,2180c98d-19b2-420a-9fe5-fed95944e550,111.42,6209687552,642244608,10.34,,,,,,,,,,
267,2025-03-14T05:24:22.018Z,rnp2,2025-03-14T05:24:48.712Z,2025-03-14-02-19-50@1,1,66.67,6209687552,1425788928,22.96,5.69,6209687552,75685888,1.22,2180c98d-19b2-420a-9fe5-fed95944e550,98.65,6209687552,642252800,10.34,,,,,,,,,,
268,2025-03-14T05:24:23.026Z,rnp2,2025-03-14T05:24:49.726Z,2025-03-14-02-19-50@1,1,61.11,6209687552,1426026496,22.96,18.86,6209687552,72933376,1.17,2180c98d-19b2-420a-9fe5-fed95944e550,94.84,6209687552,642514944,10.35,,,,,,,,,,
269,2025-03-14T05:24:24.065Z,rnp2,2025-03-14T05:24:50.767Z,2025-03-14-02-19-50@1,1,55.56,6209687552,1426272256,22.97,99.25,6209687552,110972928,1.79,2180c98d-19b2-420a-9fe5-fed95944e550,83.64,6209687552,642592768,10.35,,,,,,,,,,
270,2025-03-14T05:24:25.074Z,rnp2,2025-03-14T05:24:51.778Z,2025-03-14-02-19-50@1,1,61.26,6209687552,1426272256,22.97,104.27,6209687552,72822784,1.17,2180c98d-19b2-420a-9fe5-fed95944e550,88.47,6209687552,642719744,10.35,,,,,,,,,,
271,2025-03-14T05:24:26.081Z,rnp2,2025-03-14T05:24:52.786Z,2025-03-14-02-19-50@1,1,95.98,6209687552,1454346240,23.42,58.88,6209687552,90513408,1.46,2180c98d-19b2-420a-9fe5-fed95944e550,118.3,6209687552,642736128,10.35,,,,,,,,,,
272,2025-03-14T05:24:26.083Z,rnp2,2025-03-14T05:24:52.789Z,2025-03-14-02-19-50@1,1,99.5,6209687552,1422606336,22.91,58.88,6209687552,90513408,1.46,2180c98d-19b2-420a-9fe5-fed95944e550,118.3,6209687552,642736128,10.35,,,,,,,,,,
273,2025-03-14T05:24:27.092Z,rnp2,2025-03-14T05:24:53.796Z,2025-03-14-02-19-50@1,1,90.95,6209687552,1427120128,22.98,102.76,6209687552,73199616,1.18,2180c98d-19b2-420a-9fe5-fed95944e550,91.61,6209687552,642818048,10.35,,,,,,,,,,
274,2025-03-14T05:24:28.102Z,rnp2,2025-03-14T05:24:54.807Z,2025-03-14-02-19-50@1,1,100,6209687552,1453928448,23.41,11.2,6209687552,73224192,1.18,2180c98d-19b2-420a-9fe5-fed95944e550,145.29,6209687552,642826240,10.35,,,,,,,,,,
275,2025-03-14T05:24:29.115Z,rnp2,2025-03-14T05:24:55.815Z,2025-03-14-02-19-50@1,1,82.32,6209687552,1420906496,22.88,2.74,6209687552,73220096,1.18,2180c98d-19b2-420a-9fe5-fed95944e550,160.25,6209687552,642834432,10.35,,,,,,,,,,
276,2025-03-14T05:24:30.125Z,rnp2,2025-03-14T05:24:56.828Z,2025-03-14-02-19-50@1,1,83.16,6209687552,1420840960,22.88,2.78,6209687552,73228288,1.18,2180c98d-19b2-420a-9fe5-fed95944e550,149.02,6209687552,642838528,10.35,,,,,,,,,,
277,2025-03-14T05:24:31.146Z,rnp2,2025-03-14T05:24:57.837Z,2025-03-14-02-19-50@1,1,77.55,6209687552,1420836864,22.88,2.71,6209687552,73224192,1.18,2180c98d-19b2-420a-9fe5-fed95944e550,166.78,6209687552,642904064,10.35,,,,,,,,,,
278,2025-03-14T05:24:32.140Z,rnp2,2025-03-14T05:24:58.844Z,2025-03-14-02-19-50@1,1,87.88,6209687552,1420836864,22.88,2.26,6209687552,73228288,1.18,2180c98d-19b2-420a-9fe5-fed95944e550,152.35,6209687552,642908160,10.35,,,,,,,,,,
279,2025-03-14T05:24:33.156Z,rnp2,2025-03-14T05:24:59.859Z,2025-03-14-02-19-50@1,1,79.38,6209687552,1420836864,22.88,20.23,6209687552,72937472,1.17,2180c98d-19b2-420a-9fe5-fed95944e550,144.51,6209687552,642920448,10.35,,,,,,,,,,
280,2025-03-14T05:24:34.167Z,rnp2,2025-03-14T05:25:00.869Z,2025-03-14-02-19-50@1,1,86.73,6209687552,1421336576,22.89,53.57,6209687552,98381824,1.58,2180c98d-19b2-420a-9fe5-fed95944e550,117.29,6209687552,642924544,10.35,,,,,,,,,,
281,2025-03-14T05:24:35.182Z,rnp2,2025-03-14T05:25:01.887Z,2025-03-14-02-19-50@1,1,87.44,6209687552,1427771392,22.99,103.23,6209687552,73265152,1.18,2180c98d-19b2-420a-9fe5-fed95944e550,86.71,6209687552,642691072,10.35,,,,,,,,,,
282,2025-03-14T05:24:36.190Z,rnp2,2025-03-14T05:25:02.894Z,2025-03-14-02-19-50@1,1,100,6209687552,1432907776,23.08,45.42,6209687552,86675456,1.4,2180c98d-19b2-420a-9fe5-fed95944e550,126.62,6209687552,642695168,10.35,,,,,,,,,,
283,2025-03-14T05:24:37.203Z,rnp2,2025-03-14T05:25:03.902Z,2025-03-14-02-19-50@1,1,89.45,6209687552,1433403392,23.08,106.8,6209687552,115470336,1.86,2180c98d-19b2-420a-9fe5-fed95944e550,88.82,6209687552,642699264,10.35,,,,,,,,,,
284,2025-03-14T05:24:38.210Z,rnp2,2025-03-14T05:25:04.914Z,2025-03-14-02-19-50@1,1,99.5,6209687552,1459150848,23.5,20.07,6209687552,72863744,1.17,2180c98d-19b2-420a-9fe5-fed95944e550,137.16,6209687552,642703360,10.35,,,,,,,,,,
285,2025-03-14T05:24:39.227Z,rnp2,2025-03-14T05:25:05.926Z,2025-03-14-02-19-50@1,1,82.81,6209687552,1425018880,22.95,2.68,6209687552,72855552,1.17,2180c98d-19b2-420a-9fe5-fed95944e550,145.55,6209687552,642707456,10.35,,,,,,,,,,
286,2025-03-14T05:24:40.230Z,rnp2,2025-03-14T05:25:06.934Z,2025-03-14-02-19-50@1,1,83.77,6209687552,1424224256,22.94,2.66,6209687552,72859648,1.17,2180c98d-19b2-420a-9fe5-fed95944e550,161.6,6209687552,642715648,10.35,,,,,,,,,,
287,2025-03-14T05:24:41.249Z,rnp2,2025-03-14T05:25:07.943Z,2025-03-14-02-19-50@1,1,83.84,6209687552,1424224256,22.94,2.53,6209687552,72855552,1.17,2180c98d-19b2-420a-9fe5-fed95944e550,153.17,6209687552,642719744,10.35,,,,,,,,,,
288,2025-03-14T05:24:42.248Z,rnp2,2025-03-14T05:25:08.951Z,2025-03-14-02-19-50@1,1,79.8,6209687552,1424224256,22.94,2.13,6209687552,72855552,1.17,2180c98d-19b2-420a-9fe5-fed95944e550,153.51,6209687552,642723840,10.35,,,,,,,,,,
289,2025-03-14T05:24:43.258Z,rnp2,2025-03-14T05:25:09.962Z,2025-03-14-02-19-50@1,1,77.08,6209687552,1424224256,22.94,23.79,6209687552,72491008,1.17,2180c98d-19b2-420a-9fe5-fed95944e550,142.24,6209687552,642785280,10.35,,,,,,,,,,
290,2025-03-14T05:24:44.273Z,rnp2,2025-03-14T05:25:10.974Z,2025-03-14-02-19-50@1,1,86.07,6209687552,1425240064,22.95,31.75,6209687552,86138880,1.39,2180c98d-19b2-420a-9fe5-fed95944e550,139.69,6209687552,642789376,10.35,,,,,,,,,,
291,2025-03-14T05:24:45.279Z,rnp2,2025-03-14T05:25:11.983Z,2025-03-14-02-19-50@1,1,85.93,6209687552,1425498112,22.96,111.05,6209687552,115351552,1.86,2180c98d-19b2-420a-9fe5-fed95944e550,80.97,6209687552,642793472,10.35,,,,,,,,,,
292,2025-03-14T05:24:46.286Z,rnp2,2025-03-14T05:25:12.990Z,2025-03-14-02-19-50@1,1,100,6209687552,1451716608,23.38,52.94,6209687552,88928256,1.43,2180c98d-19b2-420a-9fe5-fed95944e550,125.36,6209687552,642801664,10.35,,,,,,,,,,
293,2025-03-14T05:24:47.303Z,rnp2,2025-03-14T05:25:13.998Z,2025-03-14-02-19-50@1,1,89.85,6209687552,1420988416,22.88,104.17,6209687552,73474048,1.18,2180c98d-19b2-420a-9fe5-fed95944e550,91.87,6209687552,642801664,10.35,,,,,,,,,,
294,2025-03-14T05:24:48.304Z,rnp2,2025-03-14T05:25:15.007Z,2025-03-14-02-19-50@1,1,99.5,6209687552,1456586752,23.46,4.6,6209687552,72871936,1.17,2180c98d-19b2-420a-9fe5-fed95944e550,152.34,6209687552,642809856,10.35,,,,,,,,,,
295,2025-03-14T05:24:49.310Z,rnp2,2025-03-14T05:25:16.014Z,2025-03-14-02-19-50@1,1,87.68,6209687552,1426890752,22.98,2.37,6209687552,72986624,1.18,2180c98d-19b2-420a-9fe5-fed95944e550,161.63,6209687552,642818048,10.35,,,,,,,,,,
296,2025-03-14T05:24:50.319Z,rnp2,2025-03-14T05:25:17.023Z,2025-03-14-02-19-50@1,1,82.74,6209687552,1426890752,22.98,1.64,6209687552,73003008,1.18,2180c98d-19b2-420a-9fe5-fed95944e550,168.72,6209687552,642822144,10.35,,,,,,,,,,
297,2025-03-14T05:24:51.334Z,rnp2,2025-03-14T05:25:18.034Z,2025-03-14-02-19-50@1,1,84.77,6209687552,1426890752,22.98,1.78,6209687552,72871936,1.17,2180c98d-19b2-420a-9fe5-fed95944e550,160.28,6209687552,642826240,10.35,,,,,,,,,,
298,2025-03-14T05:24:52.351Z,rnp2,2025-03-14T05:25:19.043Z,2025-03-14-02-19-50@1,1,85.43,6209687552,1426886656,22.98,1.99,6209687552,72876032,1.17,2180c98d-19b2-420a-9fe5-fed95944e550,153.4,6209687552,642830336,10.35,,,,,,,,,,
299,2025-03-14T05:24:53.348Z,rnp2,2025-03-14T05:25:20.050Z,2025-03-14-02-19-50@1,1,81.22,6209687552,1426886656,22.98,18.35,6209687552,72159232,1.16,2180c98d-19b2-420a-9fe5-fed95944e550,149.22,6209687552,642830336,10.35,,,,,,,,,,
300,2025-03-14T05:24:54.355Z,rnp2,2025-03-14T05:25:21.058Z,2025-03-14-02-19-50@1,1,85.64,6209687552,1427402752,22.99,56.26,6209687552,97320960,1.57,2180c98d-19b2-420a-9fe5-fed95944e550,122.7,6209687552,642830336,10.35,,,,,,,,,,
301,2025-03-14T05:24:55.361Z,rnp2,2025-03-14T05:25:22.066Z,2025-03-14-02-19-50@1,1,88.5,6209687552,1427894272,22.99,80.75,6209687552,73629696,1.19,2180c98d-19b2-420a-9fe5-fed95944e550,101.46,6209687552,642830336,10.35,,,,,,,,,,
302,2025-03-14T05:24:56.375Z,rnp2,2025-03-14T05:25:23.076Z,2025-03-14-02-19-50@1,1,99.5,6209687552,1451323392,23.37,83.11,6209687552,122986496,1.98,2180c98d-19b2-420a-9fe5-fed95944e550,104.26,6209687552,642830336,10.35,,,,,,,,,,
303,2025-03-14T05:24:57.382Z,rnp2,2025-03-14T05:25:24.085Z,2025-03-14-02-19-50@1,1,87.37,6209687552,1433227264,23.08,58.77,6209687552,72777728,1.17,2180c98d-19b2-420a-9fe5-fed95944e550,116.87,6209687552,642830336,10.35,,,,,,,,,,
304,2025-03-14T05:24:58.387Z,rnp2,2025-03-14T05:25:25.092Z,2025-03-14-02-19-50@1,1,97.99,6209687552,1430900736,23.04,2.22,6209687552,72736768,1.17,2180c98d-19b2-420a-9fe5-fed95944e550,161.64,6209687552,642830336,10.35,,,,,,,,,,
305,2025-03-14T05:24:59.408Z,rnp2,2025-03-14T05:25:26.110Z,2025-03-14-02-19-50@1,1,82.41,6209687552,1430896640,23.04,2.3,6209687552,72736768,1.17,2180c98d-19b2-420a-9fe5-fed95944e550,160.1,6209687552,642830336,10.35,,,,,,,,,,
306,2025-03-14T05:25:00.426Z,rnp2,2025-03-14T05:25:27.119Z,2025-03-14-02-19-50@1,1,83.92,6209687552,1430896640,23.04,1.79,6209687552,72740864,1.17,2180c98d-19b2-420a-9fe5-fed95944e550,118.54,6209687552,645591040,10.4,,,,,,,,,,
307,2025-03-14T05:25:01.419Z,rnp2,2025-03-14T05:25:28.124Z,2025-03-14-02-19-50@1,1,73.2,6209687552,1429577728,23.02,1.29,6209687552,72740864,1.17,2180c98d-19b2-420a-9fe5-fed95944e550,97.35,6209687552,659750912,10.62,,,,,,,,,,
308,2025-03-14T05:25:02.425Z,rnp2,2025-03-14T05:25:29.130Z,2025-03-14-02-19-50@1,1,51.27,6209687552,1429110784,23.01,14.11,6209687552,73498624,1.18,2180c98d-19b2-420a-9fe5-fed95944e550,90.61,6209687552,659988480,10.63,,,,,,,,,,
309,2025-03-14T05:25:03.432Z,rnp2,2025-03-14T05:25:30.137Z,2025-03-14-02-19-50@1,1,49.25,6209687552,1429368832,23.02,3.38,6209687552,72617984,1.17,2180c98d-19b2-420a-9fe5-fed95944e550,98.34,6209687552,659996672,10.63,,,,,,,,,,
310,2025-03-14T05:25:04.439Z,rnp2,2025-03-14T05:25:31.145Z,2025-03-14-02-19-50@1,1,59.39,6209687552,1429598208,23.02,107.1,6209687552,116314112,1.87,2180c98d-19b2-420a-9fe5-fed95944e550,87.75,6209687552,660131840,10.63,,,,,,,,,,
311,2025-03-14T05:25:05.448Z,rnp2,2025-03-14T05:25:32.154Z,2025-03-14-02-19-50@1,1,83.25,6209687552,1469624320,23.67,53.36,6209687552,89665536,1.44,2180c98d-19b2-420a-9fe5-fed95944e550,111.86,6209687552,658714624,10.61,,,,,,,,,,
312,2025-03-14T05:25:06.459Z,rnp2,2025-03-14T05:25:33.164Z,2025-03-14-02-19-50@1,1,85.5,6209687552,1444798464,23.27,84.85,6209687552,73203712,1.18,2180c98d-19b2-420a-9fe5-fed95944e550,101.18,6209687552,659865600,10.63,,,,,,,,,,
313,2025-03-14T05:25:07.465Z,rnp2,2025-03-14T05:25:34.170Z,2025-03-14-02-19-50@1,1,99,6209687552,1488220160,23.97,2.32,6209687552,73617408,1.19,2180c98d-19b2-420a-9fe5-fed95944e550,130.02,6209687552,661643264,10.66,,,,,,,,,,
314,2025-03-14T05:25:08.474Z,rnp2,2025-03-14T05:25:35.177Z,2025-03-14-02-19-50@1,1,75,6209687552,1435144192,23.11,1.07,6209687552,73621504,1.19,2180c98d-19b2-420a-9fe5-fed95944e550,129.23,6209687552,662794240,10.67,,,,,,,,,,
315,2025-03-14T05:25:09.479Z,rnp2,2025-03-14T05:25:36.184Z,2025-03-14-02-19-50@1,1,67.5,6209687552,1435107328,23.11,1.08,6209687552,73629696,1.19,2180c98d-19b2-420a-9fe5-fed95944e550,130.74,6209687552,664928256,10.71,,,,,,,,,,
316,2025-03-14T05:25:10.489Z,rnp2,2025-03-14T05:25:37.189Z,2025-03-14-02-19-50@1,1,71.36,6209687552,1439973376,23.19,1.34,6209687552,73641984,1.19,2180c98d-19b2-420a-9fe5-fed95944e550,137.19,6209687552,673796096,10.85,,,,,,,,,,
317,2025-03-14T05:25:11.497Z,rnp2,2025-03-14T05:25:38.197Z,2025-03-14-02-19-50@1,1,67.68,6209687552,1439928320,23.19,1.35,6209687552,73654272,1.19,2180c98d-19b2-420a-9fe5-fed95944e550,119.27,6209687552,681877504,10.98,,,,,,,,,,
318,2025-03-14T05:25:12.499Z,rnp2,2025-03-14T05:25:39.203Z,2025-03-14-02-19-50@1,1,69.74,6209687552,1442807808,23.23,14.52,6209687552,72994816,1.18,2180c98d-19b2-420a-9fe5-fed95944e550,99.85,6209687552,693604352,11.17,,,,,,,,,,
319,2025-03-14T05:25:13.507Z,rnp2,2025-03-14T05:25:40.211Z,2025-03-14-02-19-50@1,1,65,6209687552,1456717824,23.46,82.97,6209687552,114397184,1.84,2180c98d-19b2-420a-9fe5-fed95944e550,91.3,6209687552,693604352,11.17,,,,,,,,,,
320,2025-03-14T05:25:14.677Z,rnp2,2025-03-14T05:25:41.381Z,2025-03-14-02-19-50@1,1,67.84,6209687552,1480650752,23.84,39.3,6209687552,71847936,1.16,2180c98d-19b2-420a-9fe5-fed95944e550,0,,,,,,,,,,,,,
321,2025-03-14T05:25:15.680Z,rnp2,2025-03-14T05:25:42.384Z,2025-03-14-02-19-50@1,1,90.43,6209687552,823439360,13.26,88.03,6209687552,75431936,1.21,2180c98d-19b2-420a-9fe5-fed95944e550,0,,,,,,,,,,,,,
322,2025-03-14T05:25:16.685Z,rnp2,2025-03-14T05:25:43.389Z,2025-03-14-02-19-50@1,0,39.46,6209687552,817455104,13.16,122.53,6209687552,92467200,1.49,,,,,,,,,,,,,,,
323,2025-03-14T05:25:17.697Z,rnp2,2025-03-14T05:25:44.394Z,2025-03-14-02-19-50@1,0,52.02,6209687552,816361472,13.15,121.5,6209687552,78704640,1.27,,,,,,,,,,,,,,,
324,2025-03-14T05:25:18.697Z,rnp2,2025-03-14T05:25:45.400Z,2025-03-14-02-19-50@1,0,80.81,6209687552,852832256,13.73,4.14,6209687552,78970880,1.27,,,,,,,,,,,,,,,
325,2025-03-14T05:25:19.700Z,rnp2,2025-03-14T05:25:46.404Z,2025-03-14-02-19-50@1,0,27.27,6209687552,816091136,13.14,152.92,6209687552,72822784,1.17,,,,,,,,,,,,,,,
326,2025-03-14T05:25:20.718Z,rnp2,2025-03-14T05:25:47.406Z,2025-03-14-02-19-50@1,0,23.32,6209687552,833638400,13.42,135.96,6209687552,115040256,1.85,,,,,,,,,,,,,,,
327,2025-03-14T05:25:21.716Z,rnp2,2025-03-14T05:25:48.416Z,2025-03-14-02-19-50@1,0,65.83,6209687552,801107968,12.9,17.92,6209687552,75968512,1.22,,,,,,,,,,,,,,,
328,2025-03-14T05:25:22.719Z,rnp2,2025-03-14T05:25:49.421Z,2025-03-14-02-19-50@1,0,71.72,6209687552,812220416,13.08,48.38,6209687552,101097472,1.63,,,,,,,,,,,,,,,
329,2025-03-14T05:25:23.723Z,rnp2,2025-03-14T05:25:50.426Z,2025-03-14-02-19-50@1,0,4.06,6209687552,812908544,13.09,132.53,6209687552,97857536,1.58,,,,,,,,,,,,,,,
330,2025-03-14T05:25:24.725Z,rnp2,2025-03-14T05:25:51.428Z,2025-03-14-02-19-50@1,0,59.5,6209687552,845639680,13.62,109.51,6209687552,75866112,1.22,,,,,,,,,,,,,,,
331,2025-03-14T05:25:25.739Z,rnp2,2025-03-14T05:25:52.435Z,2025-03-14-02-19-50@1,0,68.37,6209687552,843296768,13.58,139.16,6209687552,75902976,1.22,,,,,,,,,,,,,,,
332,2025-03-14T05:25:26.736Z,rnp2,2025-03-14T05:25:53.440Z,2025-03-14-02-19-50@1,0,51.27,6209687552,846557184,13.63,10.62,6209687552,74924032,1.21,,,,,,,,,,,,,,,
333,2025-03-14T05:25:27.743Z,rnp2,2025-03-14T05:25:54.448Z,2025-03-14-02-19-50@1,0,46.11,6209687552,807481344,13,2.35,6209687552,74354688,1.2,,,,,,,,,,,,,,,
334,2025-03-14T05:25:28.753Z,rnp2,2025-03-14T05:25:55.453Z,2025-03-14-02-19-50@1,0,4.12,6209687552,808091648,13.01,1.77,6209687552,74354688,1.2,,,,,,,,,,,,,,,
335,2025-03-14T05:25:29.758Z,rnp2,2025-03-14T05:25:56.460Z,2025-03-14-02-19-50@1,0,3.52,6209687552,808337408,13.02,1.86,6209687552,74354688,1.2,,,,,,,,,,,,,,,
336,2025-03-14T05:25:30.761Z,rnp2,2025-03-14T05:25:57.465Z,2025-03-14-02-19-50@1,0,2.01,6209687552,808337408,13.02,1.8,6209687552,74354688,1.2,,,,,,,,,,,,,,,
337,2025-03-14T05:25:31.767Z,rnp2,2025-03-14T05:25:58.470Z,2025-03-14-02-19-50@1,0,2.55,6209687552,808337408,13.02,15.15,6209687552,74493952,1.2,,,,,,,,,,,,,,,
338,2025-03-14T05:25:32.772Z,rnp2,2025-03-14T05:25:59.476Z,2025-03-14-02-19-50@1,0,3.52,6209687552,808337408,13.02,2.97,6209687552,74330112,1.2,,,,,,,,,,,,,,,
339,2025-03-14T05:25:33.789Z,rnp2,2025-03-14T05:26:00.483Z,2025-03-14-02-19-50@1,0,10.1,6209687552,809111552,13.03,2.03,6209687552,74334208,1.2,,,,,,,,,,,,,,,
340,2025-03-14T05:25:34.785Z,rnp2,2025-03-14T05:26:01.488Z,2025-03-14-02-19-50@1,0,5.08,6209687552,809369600,13.03,1.75,6209687552,74334208,1.2,,,,,,,,,,,,,,,
341,2025-03-14T05:25:35.789Z,rnp2,2025-03-14T05:26:02.493Z,2025-03-14-02-19-50@1,0,3.05,6209687552,809369600,13.03,2.46,6209687552,74334208,1.2,,,,,,,,,,,,,,,
